ts,symbol,strategy,regime,signal,intent,size_usd,price,ml_p_up,ml_vote,veto,reasons,planned_stop,planned_tp,run_id
1760721575,BTC/USDT,rsi_mean_revert,chop,hold,hold,0.0,106370.01,5.973516762587228e-141,neutral,0,ok,,,RUN_20251017_1615
1760721569,ETH/USDT,rsi_mean_revert,chop,hold,hold,0.0,3787.71,0.5362909488611696,neutral,0,ok,,,RUN_20251017_1615
1760721538,SOL/USDT,rsi_mean_revert,chop,buy,buy,2173.2166666666667,183.16,0.9999892728191976,boost,0,ok,182.38907013284842,184.70185973430316,RUN_20251017_1615
1760721530,BTC/USDT,rsi_mean_revert,chop,hold,hold,0.0,106457.51,7.175918700857248e-142,neutral,0,ok,,,RUN_20251017_1615
1760721524,ETH/USDT,rsi_mean_revert,chop,hold,hold,0.0,3790.86,0.5223937666112962,neutral,0,ok,,,RUN_20251017_1615
1760721493,SOL/USDT,rsi_mean_revert,chop,buy,buy,2173.2166666666667,183.3,0.9999893460947135,boost,0,ok,182.5519272757056,184.79614544858887,RUN_20251017_1615
1760721487,BTC/USDT,rsi_mean_revert,chop,hold,hold,0.0,106508.98,1.760423708891519e-142,neutral,0,ok,,,RUN_20251017_1615
1760721481,ETH/USDT,rsi_mean_revert,chop,hold,hold,0.0,3794.25,0.5026047982116626,neutral,0,ok,,,RUN_20251017_1615
1760721453,SOL/USDT,rsi_mean_revert,chop,buy,buy,2173.2166666666667,183.16,0.9999893301404541,boost,0,ok,182.3681193734699,184.74376125306017,RUN_20251017_1615
1760721447,BTC/USDT,rsi_mean_revert,chop,hold,hold,0.0,106490.0,3.210376401264137e-142,neutral,0,ok,,,RUN_20251017_1615
1760721440,ETH/USDT,rsi_mean_revert,chop,hold,hold,0.0,3793.6,0.5027462300660889,neutral,0,ok,,,RUN_20251017_1615
1760721402,SOL/USDT,ema_trend,trend,buy,buy,2173.2166666666667,183.36,0.9999895279417381,neutral,0,ok,182.57742525146574,184.92514949706856,RUN_20251017_1615
1760721396,BTC/USDT,rsi_mean_revert,chop,hold,hold,0.0,106632.2,5.914184290896273e-144,neutral,0,ok,,,RUN_20251017_1615
1760721391,ETH/USDT,rsi_mean_revert,chop,hold,hold,0.0,3797.33,0.4805435550923042,neutral,0,ok,,,RUN_20251017_1615
1760721358,SOL/USDT,ema_trend,trend,buy,buy,2173.2166666666667,183.63,0.9999897299124344,neutral,0,ok,182.85030419571805,185.18939160856385,RUN_20251017_1615
1760721350,BTC/USDT,rsi_mean_revert,chop,hold,hold,0.0,106626.02,5.511657957080668e-144,neutral,0,ok,,,RUN_20251017_1615
1760721343,ETH/USDT,rsi_mean_revert,chop,hold,hold,0.0,3797.82,0.47840344456372935,neutral,0,ok,,,RUN_20251017_1615
1760721311,SOL/USDT,ema_trend,trend,buy,buy,2248.0583333333334,183.78,0.9999897557091516,neutral,0,ok,183.03030419571806,185.27939160856388,RUN_20251017_1615
1760721304,BTC/USDT,ema_trend,trend,hold,hold,0.0,106664.27,1.9392312621550484e-144,veto,1,ml_veto,,,RUN_20251017_1615
1760721297,ETH/USDT,rsi_mean_revert,chop,hold,hold,0.0,3798.91,0.4625965555098581,neutral,0,ok,,,RUN_20251017_1615
1760721269,SOL/USDT,ema_trend,trend,buy,buy,2248.0583333333334,183.67,0.9999894863477525,neutral,0,ok,182.89582184886726,185.21835630226545,RUN_20251017_1615
1760721263,BTC/USDT,rsi_mean_revert,chop,hold,hold,0.0,106627.45,3.6991527864635026e-144,neutral,0,ok,,,RUN_20251017_1615
1760721256,ETH/USDT,rsi_mean_revert,chop,hold,hold,0.0,3795.77,0.48137383973880377,neutral,0,ok,,,RUN_20251017_1615
1760721223,SOL/USDT,ema_trend,trend,buy,buy,2248.0583333333334,183.51,0.9999895238455304,neutral,0,ok,182.7224237343123,185.08515253137537,RUN_20251017_1615
1760721216,BTC/USDT,rsi_mean_revert,chop,hold,hold,0.0,106691.1,4.763451177145928e-145,neutral,0,ok,,,RUN_20251017_1615
1760721210,ETH/USDT,rsi_mean_revert,chop,hold,hold,0.0,3801.35,0.44390452053070834,neutral,0,ok,,,RUN_20251017_1615
1760721180,SOL/USDT,rsi_mean_revert,chop,buy,buy,2248.0583333333334,183.23,0.9999895483169068,boost,0,ok,182.50813802002656,184.6737239599468,RUN_20251017_1615
1760721174,BTC/USDT,rsi_mean_revert,chop,hold,hold,0.0,106507.95,7.170841332449076e-143,neutral,0,ok,,,RUN_20251017_1615
1760721168,ETH/USDT,rsi_mean_revert,chop,hold,hold,0.0,3793.56,0.4943454169973646,neutral,0,ok,,,RUN_20251017_1615
1760721134,SOL/USDT,rsi_mean_revert,chop,buy,buy,2248.0583333333334,183.11,0.9999896154567302,boost,0,ok,182.35700530727902,184.61598938544202,RUN_20251017_1615
1760721126,BTC/USDT,rsi_mean_revert,chop,hold,hold,0.0,106457.28,2.8694674087064676e-142,neutral,0,ok,,,RUN_20251017_1615
1760721117,ETH/USDT,rsi_mean_revert,chop,hold,hold,0.0,3788.75,0.5314092345484906,neutral,0,ok,,,RUN_20251017_1615
1760721083,SOL/USDT,rsi_mean_revert,chop,buy,buy,2248.0583333333334,182.75,0.9999896216407237,boost,0,ok,181.98336871516676,184.28326256966648,RUN_20251017_1615
1760721077,BTC/USDT,rsi_mean_revert,chop,hold,hold,0.0,106443.41,5.295005843422682e-142,neutral,0,ok,,,RUN_20251017_1615
1760721069,ETH/USDT,rsi_mean_revert,chop,hold,hold,0.0,3791.13,0.5182267910542822,neutral,0,ok,,,RUN_20251017_1615
1760721035,SOL/USDT,rsi_mean_revert,chop,sell,sell,2248.0583333333334,183.01,0.9999898583045739,neutral,0,ok,183.7702185272574,181.48956294548515,RUN_20251017_1615
1760721027,BTC/USDT,rsi_mean_revert,chop,hold,hold,0.0,106572.43,1.428666478325401e-143,neutral,0,ok,,,RUN_20251017_1615
1760721021,ETH/USDT,rsi_mean_revert,chop,hold,hold,0.0,3796.2,0.4893180873453495,neutral,0,ok,,,RUN_20251017_1615
1760720982,SOL/USDT,ema_trend,trend,buy,buy,2248.0583333333334,182.9,0.9999896990525566,neutral,0,ok,182.10899558969427,184.48200882061147,RUN_20251017_1615
1760720975,BTC/USDT,rsi_mean_revert,chop,hold,hold,0.0,106528.65,4.70375849717101e-143,neutral,0,ok,,,RUN_20251017_1615
1760720967,ETH/USDT,rsi_mean_revert,chop,hold,hold,0.0,3794.39,0.5008439507888705,neutral,0,ok,,,RUN_20251017_1615
1760720934,SOL/USDT,ema_trend,trend,buy,buy,2248.0583333333334,183.1,0.9999896519572583,neutral,0,ok,182.30485226728916,184.69029546542168,RUN_20251017_1615
1760720927,BTC/USDT,ema_trend,trend,sell,sell,2248.0583333333334,106630.44,2.276455088072593e-144,neutral,0,ok,106858.97701090096,106173.36597819811,RUN_20251017_1615
1760720920,ETH/USDT,ema_trend,trend,sell,sell,2248.0583333333334,3799.29,0.4652878222290899,neutral,0,ok,3812.2120821021367,3773.4458357957265,RUN_20251017_1615
1760720887,SOL/USDT,ema_trend,trend,buy,buy,2248.0583333333334,183.1,0.9999896519572583,neutral,0,ok,182.31913798157487,184.66172403685025,RUN_20251017_1615
1760720880,BTC/USDT,ema_trend,trend,sell,sell,2248.0583333333334,106540.37,2.6657038424791718e-143,neutral,0,ok,106758.49701090094,106104.1159781981,RUN_20251017_1615
1760720873,ETH/USDT,ema_trend,trend,sell,sell,2248.0583333333334,3799.09,0.45915426052634295,neutral,0,ok,3812.3460944739436,3772.5778110521132,RUN_20251017_1615
1760720839,SOL/USDT,ema_trend,trend,buy,buy,2248.0583333333334,183.18,0.9999893956474782,neutral,0,ok,182.3606098662368,184.81878026752642,RUN_20251017_1615
1760720833,BTC/USDT,ema_trend,trend,sell,sell,2248.0583333333334,106572.0,8.52855504695444e-144,neutral,0,ok,106798.49215921106,106119.01568157786,RUN_20251017_1615
1760720825,ETH/USDT,ema_trend,trend,sell,sell,2248.0583333333334,3802.01,0.44297003013171554,neutral,0,ok,3814.737523045372,3776.554953909256,RUN_20251017_1615
1760720788,SOL/USDT,ema_trend,trend,sell,sell,2248.0583333333334,183.3,0.9999897818353002,neutral,0,ok,184.0775847193261,181.7448305613478,RUN_20251017_1615
1760720781,BTC/USDT,rsi_mean_revert,chop,hold,hold,0.0,106532.31,1.4510849444846528e-143,neutral,0,ok,,,RUN_20251017_1615
1760720775,ETH/USDT,ema_trend,trend,sell,sell,2248.0583333333334,3794.81,0.48363700348076066,neutral,0,ok,3806.408644804691,3771.6127103906183,RUN_20251017_1615
1760720741,SOL/USDT,ema_trend,trend,sell,sell,2248.0583333333334,183.07,0.9999894387032947,neutral,0,ok,183.85816806476828,181.49366387046342,RUN_20251017_1615
1760720734,BTC/USDT,rsi_mean_revert,chop,hold,hold,0.0,106498.0,3.0822528123508527e-143,neutral,0,ok,,,RUN_20251017_1615
1760720728,ETH/USDT,rsi_mean_revert,chop,hold,hold,0.0,3795.78,0.4670716243081597,neutral,0,ok,,,RUN_20251017_1615
1760720694,SOL/USDT,ema_trend,trend,sell,sell,2248.0583333333334,182.91,0.9999891290410292,neutral,0,ok,183.7187962908123,181.2924074183754,RUN_20251017_1615
1760720686,BTC/USDT,rsi_mean_revert,chop,hold,hold,0.0,106415.45,2.9236801164775815e-142,neutral,0,ok,,,RUN_20251017_1615
1760720679,ETH/USDT,rsi_mean_revert,chop,hold,hold,0.0,3790.79,0.48865086737221536,neutral,0,ok,,,RUN_20251017_1615
1760720647,SOL/USDT,ema_trend,trend,sell,sell,2248.0583333333334,182.81,0.9999891294877702,neutral,0,ok,183.59593914795516,181.2381217040897,RUN_20251017_1615
1760720641,BTC/USDT,rsi_mean_revert,chop,hold,hold,0.0,106415.21,2.9428736054742172e-142,neutral,0,ok,,,RUN_20251017_1615
1760720633,ETH/USDT,rsi_mean_revert,chop,hold,hold,0.0,3790.46,0.48446342199412923,neutral,0,ok,,,RUN_20251017_1615
1760720599,SOL/USDT,rsi_mean_revert,chop,buy,buy,2248.0583333333334,182.42,0.9999887861821651,boost,0,ok,181.63360386062638,183.99279227874723,RUN_20251017_1615
1760720592,BTC/USDT,rsi_mean_revert,chop,hold,hold,0.0,106337.61,2.689040717742305e-141,veto,1,ml_veto,,,RUN_20251017_1615
1760720583,ETH/USDT,rsi_mean_revert,chop,hold,hold,0.0,3788.0,0.4995291342119126,neutral,0,ok,,,RUN_20251017_1615
1760720548,SOL/USDT,rsi_mean_revert,chop,buy,buy,2248.0583333333334,182.41,0.9999887585699785,boost,0,ok,181.60948468085368,184.0110306382926,RUN_20251017_1615
1760720540,BTC/USDT,rsi_mean_revert,chop,hold,hold,0.0,106340.34,2.980918033805223e-141,veto,1,ml_veto,,,RUN_20251017_1615
1760720534,ETH/USDT,rsi_mean_revert,chop,hold,hold,0.0,3784.24,0.5210819587454635,veto,1,ml_veto,,,RUN_20251017_1615
1760720501,SOL/USDT,rsi_mean_revert,chop,buy,buy,2248.0583333333334,182.29,0.9999888892306819,boost,0,ok,181.48417126070436,183.90165747859126,RUN_20251017_1615
1760720493,BTC/USDT,rsi_mean_revert,chop,hold,hold,0.0,106373.97,1.753834477935764e-141,neutral,0,ok,,,RUN_20251017_1615
1760720485,ETH/USDT,rsi_mean_revert,chop,hold,hold,0.0,3787.32,0.5162469434039729,neutral,0,ok,,,RUN_20251017_1615
1760720449,SOL/USDT,rsi_mean_revert,chop,buy,buy,2248.0583333333334,182.48,0.9999888534482718,boost,0,ok,181.66756919174827,184.10486161650346,RUN_20251017_1615
1760720441,BTC/USDT,rsi_mean_revert,chop,hold,hold,0.0,106426.25,5.0257459852553926e-142,neutral,0,ok,,,RUN_20251017_1615
1760720436,ETH/USDT,rsi_mean_revert,chop,hold,hold,0.0,3788.72,0.5083548115603364,neutral,0,ok,,,RUN_20251017_1615
1760720403,SOL/USDT,rsi_mean_revert,chop,buy,buy,2248.0583333333334,182.36,0.9999888314371375,boost,0,ok,181.56899776317687,183.94200447364634,RUN_20251017_1615
1760720396,BTC/USDT,rsi_mean_revert,chop,hold,hold,0.0,106372.34,3.1081244471792814e-141,neutral,0,ok,,,RUN_20251017_1615
1760720388,ETH/USDT,rsi_mean_revert,chop,hold,hold,0.0,3788.54,0.5150230825774381,neutral,0,ok,,,RUN_20251017_1615
1760720355,SOL/USDT,ema_trend,trend,sell,sell,2248.0583333333334,182.22,0.9999888742216181,neutral,0,ok,183.0310796942363,180.5978406115274,RUN_20251017_1615
1760720347,BTC/USDT,rsi_mean_revert,chop,hold,hold,0.0,106373.99,2.970852884133315e-141,neutral,0,ok,,,RUN_20251017_1615
1760720340,ETH/USDT,rsi_mean_revert,chop,hold,hold,0.0,3789.47,0.5092287051048616,neutral,0,ok,,,RUN_20251017_1615
1760720307,SOL/USDT,ema_trend,trend,sell,sell,2248.0583333333334,182.18,0.9999887468376508,neutral,0,ok,183.03259128756568,180.47481742486866,RUN_20251017_1615
1760720299,BTC/USDT,ema_trend,trend,sell,sell,2248.0583333333334,106363.05,5.427616968740404e-141,neutral,0,ok,106600.78805324061,105887.57389351877,RUN_20251017_1615
1760720291,ETH/USDT,ema_trend,trend,sell,sell,2248.0583333333334,3786.1,0.529363206670217,neutral,0,ok,3798.7687345964923,3760.762530807015,RUN_20251017_1615
1760720259,SOL/USDT,ema_trend,trend,sell,sell,2248.0583333333334,182.03,0.9999887543989977,neutral,0,ok,182.9048783562054,180.28024328758926,RUN_20251017_1615
1760720252,BTC/USDT,ema_trend,trend,sell,sell,2248.0583333333334,106290.34,6.805652104343414e-140,neutral,0,ok,106535.11900248549,105800.781995029,RUN_20251017_1615
1760720247,ETH/USDT,ema_trend,trend,sell,sell,2248.0583333333334,3782.59,0.5553470671205094,neutral,0,ok,3795.677755522217,3756.4144889555664,RUN_20251017_1615
1760720213,SOL/USDT,ema_trend,trend,sell,sell,2248.0583333333334,181.81,0.9999886225678297,neutral,0,ok,182.71679244606187,179.99641510787626,RUN_20251017_1615
1760720206,BTC/USDT,ema_trend,trend,sell,sell,2248.0583333333334,106246.33,4.722804295832773e-139,neutral,0,ok,106500.37211522543,105738.24576954915,RUN_20251017_1615
1760720199,ETH/USDT,ema_trend,trend,sell,sell,2248.0583333333334,3781.81,0.5645509628950766,neutral,0,ok,3795.6137430796352,3754.202513840729,RUN_20251017_1615
1760720166,SOL/USDT,ema_trend,trend,sell,sell,2248.0583333333334,182.03,0.9999886604055881,neutral,0,ok,182.8853638746333,180.3192722507334,RUN_20251017_1615
1760720158,BTC/USDT,ema_trend,trend,sell,sell,2248.0583333333334,106327.26,1.0376358750279594e-139,neutral,0,ok,106584.36829106184,105813.04341787632,RUN_20251017_1615
1760720151,ETH/USDT,ema_trend,trend,sell,sell,2248.0583333333334,3781.61,0.5661215282769412,neutral,0,ok,3795.6860033525827,3753.4579932948354,RUN_20251017_1615
1760720119,SOL/USDT,ema_trend,trend,sell,sell,2248.0583333333334,182.16,0.9999882399904364,neutral,0,ok,183.02973217780846,180.42053564438305,RUN_20251017_1615
1760720112,BTC/USDT,ema_trend,trend,sell,sell,2248.0583333333334,106367.02,3.496841021373674e-140,neutral,0,ok,106617.2711482047,105866.51770359062,RUN_20251017_1615
1760720104,ETH/USDT,ema_trend,trend,sell,sell,2248.0583333333334,3784.5,0.5483803531270214,neutral,0,ok,3798.0431462097254,3757.4137075805493,RUN_20251017_1615
1760720068,SOL/USDT,ema_trend,trend,sell,sell,2248.0583333333334,182.26,0.9999880905812012,neutral,0,ok,183.15454672518558,180.47090654962878,RUN_20251017_1615
1760720060,BTC/USDT,ema_trend,trend,sell,sell,2248.0583333333334,106450.93,5.99856284551204e-141,neutral,0,ok,106704.59178676622,105943.60642646754,RUN_20251017_1615
1760720053,ETH/USDT,ema_trend,trend,sell,sell,2248.0583333333334,3790.07,0.5170378760832878,neutral,0,ok,3803.6543781740315,3762.9012436519374,RUN_20251017_1615
1760720019,SOL/USDT,ema_trend,trend,sell,sell,2248.0583333333334,182.53,0.9999881119880869,neutral,0,ok,183.42643496631726,180.73713006736548,RUN_20251017_1615
1760720011,BTC/USDT,ema_trend,trend,sell,sell,2248.0583333333334,106479.45,3.819879429880087e-141,neutral,0,ok,106735.98084363497,105966.38831273007,RUN_20251017_1615
1760720005,ETH/USDT,ema_trend,trend,sell,sell,2248.0583333333334,3789.58,0.5261460630936836,neutral,0,ok,3803.913395424777,3760.9132091504466,RUN_20251017_1615
1760719973,SOL/USDT,ema_trend,trend,sell,sell,2248.0583333333334,182.07,0.9999878361386624,neutral,0,ok,182.96923756940348,180.271524861193,RUN_20251017_1615
1760719967,BTC/USDT,ema_trend,trend,sell,sell,2248.0583333333334,106392.78,7.804059720696641e-140,neutral,0,ok,106656.7716962524,105864.7966074952,RUN_20251017_1615
1760719960,ETH/USDT,ema_trend,trend,sell,sell,2248.0583333333334,3788.08,0.540317746579104,neutral,0,ok,3803.1021172440774,3758.0357655118455,RUN_20251017_1615
1760719926,SOL/USDT,ema_trend,trend,sell,sell,2248.0583333333334,182.27,0.9999879086260202,neutral,0,ok,183.12352328368922,180.5629534326216,RUN_20251017_1615
1760719919,BTC/USDT,rsi_mean_revert,chop,hold,hold,0.0,106480.97,1.2318616261785107e-140,neutral,0,ok,,,RUN_20251017_1615
1760719912,ETH/USDT,rsi_mean_revert,chop,hold,hold,0.0,3791.99,0.5212151148083168,neutral,0,ok,,,RUN_20251017_1615
1760719880,SOL/USDT,rsi_mean_revert,chop,buy,buy,2248.0583333333334,182.85,0.9999881141192304,boost,0,ok,182.01884284448747,184.51231431102502,RUN_20251017_1615
1760719874,BTC/USDT,rsi_mean_revert,chop,hold,hold,0.0,106596.11,5.306884226062713e-142,neutral,0,ok,,,RUN_20251017_1615
1760719867,ETH/USDT,rsi_mean_revert,chop,hold,hold,0.0,3800.88,0.4683174238121266,neutral,0,ok,,,RUN_20251017_1615
1760719836,SOL/USDT,ema_trend,trend,sell,sell,2248.0583333333334,183.38,0.9999885211819894,neutral,0,ok,184.21146646747763,181.7170670650447,RUN_20251017_1615
1760719829,BTC/USDT,ema_trend,trend,sell,sell,2248.0583333333334,106795.45,2.700986335343445e-144,neutral,0,ok,107031.0060064129,106324.33798717419,RUN_20251017_1615
1760719823,ETH/USDT,ema_trend,trend,sell,sell,2248.0583333333334,3805.33,0.4473238509510531,neutral,0,ok,3819.1914109618874,3777.607178076225,RUN_20251017_1615
1760719792,SOL/USDT,rsi_mean_revert,chop,buy,buy,2248.0583333333334,183.2,0.9999888148538195,boost,0,ok,182.3445751877744,184.91084962445115,RUN_20251017_1615
1760719783,BTC/USDT,ema_trend,trend,sell,sell,2248.0583333333334,106836.3,7.007704925654915e-145,neutral,0,ok,107072.51275456241,106363.87449087518,RUN_20251017_1615
1760719775,ETH/USDT,ema_trend,trend,sell,sell,2248.0583333333334,3806.37,0.4468712678278789,neutral,0,ok,3820.4559052653162,3778.198189469367,RUN_20251017_1615
1760719741,SOL/USDT,rsi_mean_revert,chop,buy,buy,2248.0583333333334,183.23,0.9999888333386396,boost,0,ok,182.4302894734887,184.82942105302257,RUN_20251017_1615
1760719734,BTC/USDT,rsi_mean_revert,chop,hold,hold,0.0,106823.31,6.107978768346038e-145,neutral,0,ok,,,RUN_20251017_1615
1760719728,ETH/USDT,rsi_mean_revert,chop,hold,hold,0.0,3806.72,0.4374976384929272,neutral,0,ok,,,RUN_20251017_1615
1760719692,SOL/USDT,rsi_mean_revert,chop,buy,buy,2248.0583333333334,182.89,0.9999887243771505,boost,0,ok,182.09778455954608,184.47443088090782,RUN_20251017_1615
1760719685,BTC/USDT,rsi_mean_revert,chop,hold,hold,0.0,106685.68,2.6551597447812096e-143,neutral,0,ok,,,RUN_20251017_1615
1760719677,ETH/USDT,ema_trend,trend,sell,sell,2248.0583333333334,3797.79,0.48847935305382195,neutral,0,ok,3811.520393668159,3770.329212663682,RUN_20251017_1615
1760719643,SOL/USDT,rsi_mean_revert,chop,buy,buy,2248.0583333333334,182.98,0.9999883448325116,boost,0,ok,182.1679434569819,184.6041130860362,RUN_20251017_1615
1760719634,BTC/USDT,rsi_mean_revert,chop,hold,hold,0.0,106661.65,4.677272996454669e-143,neutral,0,ok,,,RUN_20251017_1615
1760719627,ETH/USDT,ema_trend,trend,sell,sell,2248.0583333333334,3798.18,0.48608331925021886,neutral,0,ok,3811.357536525302,3771.8249269493963,RUN_20251017_1615
1760719589,SOL/USDT,ema_trend,trend,sell,sell,2248.0583333333334,182.66,0.9999882113054884,neutral,0,ok,183.50869816909372,180.96260366181255,RUN_20251017_1615
1760719582,BTC/USDT,rsi_mean_revert,chop,hold,hold,0.0,106575.91,5.00443131709048e-142,neutral,0,ok,,,RUN_20251017_1615
1760719576,ETH/USDT,ema_trend,trend,sell,sell,2248.0583333333334,3792.78,0.5223270441470185,neutral,0,ok,3806.6650399649807,3765.0099200700397,RUN_20251017_1615
1760719536,SOL/USDT,ema_trend,trend,sell,sell,2248.0583333333334,182.67,0.9999880099551003,neutral,0,ok,183.53332327935354,180.94335344129286,RUN_20251017_1615
1760719528,BTC/USDT,rsi_mean_revert,chop,hold,hold,0.0,106550.57,1.3049613679473727e-141,neutral,0,ok,,,RUN_20251017_1615
1760719521,ETH/USDT,ema_trend,trend,sell,sell,2248.0583333333334,3794.07,0.5162061750204473,neutral,0,ok,3807.915205180954,3766.3795896380916,RUN_20251017_1615
1760719484,SOL/USDT,ema_trend,trend,hold,hold,0.0,182.97,0.9999878133605696,neutral,1,breaker:panic,,,RUN_20251017_1615
1760719476,BTC/USDT,rsi_mean_revert,chop,hold,hold,0.0,106600.42,3.9229187274835765e-142,neutral,1,breaker:panic,,,RUN_20251017_1615
1760719469,ETH/USDT,ema_trend,trend,hold,hold,0.0,3796.32,0.5019807617559975,neutral,1,breaker:panic,,,RUN_20251017_1615
1760719432,SOL/USDT,ema_trend,trend,hold,hold,0.0,182.89,0.9999880680651476,neutral,1,breaker:panic,,,RUN_20251017_1615
1760719426,BTC/USDT,rsi_mean_revert,chop,hold,hold,0.0,106626.02,2.2488319708416476e-142,neutral,1,breaker:panic,,,RUN_20251017_1615
1760719421,ETH/USDT,ema_trend,trend,hold,hold,0.0,3799.03,0.4946313878639726,neutral,1,breaker:panic,,,RUN_20251017_1615
1760719384,SOL/USDT,ema_trend,trend,hold,hold,0.0,183.03,0.9999881081895594,neutral,1,breaker:panic,,,RUN_20251017_1615
1760719378,BTC/USDT,rsi_mean_revert,chop,hold,hold,0.0,106593.99,7.073087190679786e-142,neutral,1,breaker:panic,,,RUN_20251017_1615
1760719372,ETH/USDT,ema_trend,trend,hold,hold,0.0,3798.08,0.5061480013874404,neutral,1,breaker:panic,,,RUN_20251017_1615
1760719337,SOL/USDT,ema_trend,trend,hold,hold,0.0,183.14,0.9999881042530941,neutral,1,breaker:panic,,,RUN_20251017_1615
1760719330,BTC/USDT,rsi_mean_revert,chop,hold,hold,0.0,106604.0,5.378278662522063e-142,neutral,1,breaker:panic,,,RUN_20251017_1615
1760719322,ETH/USDT,ema_trend,trend,hold,hold,0.0,3798.47,0.5037024030455287,neutral,1,breaker:panic,,,RUN_20251017_1615
1760719286,SOL/USDT,rsi_mean_revert,chop,hold,hold,0.0,183.06,0.9999880885338401,boost,1,breaker:panic,,,RUN_20251017_1615
1760719279,BTC/USDT,rsi_mean_revert,chop,hold,hold,0.0,106620.04,5.1764912104948575e-142,neutral,1,breaker:panic,,,RUN_20251017_1615
1760719272,ETH/USDT,rsi_mean_revert,chop,hold,hold,0.0,3802.43,0.4823004972830283,neutral,1,breaker:panic,,,RUN_20251017_1615
1760719236,SOL/USDT,rsi_mean_revert,chop,hold,hold,0.0,183.23,0.9999883746087536,boost,1,breaker:panic,,,RUN_20251017_1615
1760719227,BTC/USDT,rsi_mean_revert,chop,hold,hold,0.0,106694.89,7.487978954348763e-143,neutral,1,breaker:panic,,,RUN_20251017_1615
1760719219,ETH/USDT,rsi_mean_revert,chop,hold,hold,0.0,3804.0,0.4811491831707205,neutral,1,breaker:panic,,,RUN_20251017_1615
1760719178,SOL/USDT,rsi_mean_revert,chop,hold,hold,0.0,183.39,0.9999877955069658,boost,1,breaker:panic,,,RUN_20251017_1615
1760719169,BTC/USDT,rsi_mean_revert,chop,hold,hold,0.0,106701.91,6.731017328443545e-143,neutral,1,breaker:panic,,,RUN_20251017_1615
1760719162,ETH/USDT,rsi_mean_revert,chop,hold,hold,0.0,3806.62,0.4596557213313906,neutral,1,breaker:panic,,,RUN_20251017_1615
1760719130,SOL/USDT,rsi_mean_revert,chop,hold,hold,0.0,183.36,0.9999876309334591,boost,1,breaker:panic,,,RUN_20251017_1615
1760719124,BTC/USDT,rsi_mean_revert,chop,hold,hold,0.0,106618.6,9.63803155926367e-142,neutral,1,breaker:panic,,,RUN_20251017_1615
1760719117,ETH/USDT,ema_trend,trend,hold,hold,0.0,3803.15,0.4842237898969138,neutral,1,breaker:panic,,,RUN_20251017_1615
1760719082,SOL/USDT,rsi_mean_revert,chop,hold,hold,0.0,183.27,0.9999876195933256,boost,1,breaker:panic,,,RUN_20251017_1615
1760719073,BTC/USDT,ema_trend,trend,hold,hold,0.0,106653.32,4.674815586621992e-142,neutral,1,breaker:panic,,,RUN_20251017_1615
1760719065,ETH/USDT,ema_trend,trend,hold,hold,0.0,3804.5,0.47750371794713037,neutral,1,breaker:panic,,,RUN_20251017_1615
1760719030,SOL/USDT,ema_trend,trend,hold,hold,0.0,183.2,0.99998756709039,neutral,1,breaker:panic,,,RUN_20251017_1615
1760719024,BTC/USDT,ema_trend,trend,hold,hold,0.0,106611.39,1.4736122605890353e-141,neutral,1,breaker:panic,,,RUN_20251017_1615
1760719017,ETH/USDT,ema_trend,trend,hold,hold,0.0,3800.15,0.5176286471556469,neutral,1,breaker:panic,,,RUN_20251017_1615
1760718984,SOL/USDT,ema_trend,trend,hold,hold,0.0,182.93,0.9999879311635895,neutral,1,breaker:panic,,,RUN_20251017_1615
1760718978,BTC/USDT,ema_trend,trend,hold,hold,0.0,106554.85,1.121405729432634e-140,neutral,1,breaker:panic,,,RUN_20251017_1615
1760718972,ETH/USDT,ema_trend,trend,hold,hold,0.0,3795.89,0.5473731861845702,neutral,1,breaker:panic,,,RUN_20251017_1615
1760718938,SOL/USDT,ema_trend,trend,hold,hold,0.0,182.59,0.9999880051356731,neutral,1,breaker:panic,,,RUN_20251017_1615
1760718932,BTC/USDT,ema_trend,trend,hold,hold,0.0,106491.46,1.5290587730643819e-139,neutral,1,breaker:panic,,,RUN_20251017_1615
1760718924,ETH/USDT,ema_trend,trend,hold,hold,0.0,3796.15,0.55965051181416,neutral,1,breaker:panic,,,RUN_20251017_1615
1760718889,SOL/USDT,ema_trend,trend,hold,hold,0.0,182.7,0.9999879214143923,neutral,1,breaker:panic,,,RUN_20251017_1615
1760718883,BTC/USDT,ema_trend,trend,hold,hold,0.0,106564.0,5.036663016966298e-140,neutral,1,breaker:panic,,,RUN_20251017_1615
1760718875,ETH/USDT,ema_trend,trend,hold,hold,0.0,3801.83,0.5371010548758841,neutral,1,breaker:panic,,,RUN_20251017_1615
1760718840,SOL/USDT,ema_trend,trend,hold,hold,0.0,183.16,0.999988032665206,neutral,1,breaker:panic,,,RUN_20251017_1615
1760718835,BTC/USDT,ema_trend,trend,hold,hold,0.0,106632.35,1.3787795286857353e-140,neutral,1,breaker:panic,,,RUN_20251017_1615
1760718829,ETH/USDT,ema_trend,trend,hold,hold,0.0,3801.69,0.5475681743133853,neutral,1,breaker:panic,,,RUN_20251017_1615
1760718797,SOL/USDT,ema_trend,trend,hold,hold,0.0,183.05,0.9999878814105484,neutral,1,breaker:panic,,,RUN_20251017_1615
1760718789,BTC/USDT,ema_trend,trend,hold,hold,0.0,106586.1,4.897473620272511e-140,neutral,1,breaker:panic,,,RUN_20251017_1615
1760718781,ETH/USDT,ema_trend,trend,hold,hold,0.0,3804.06,0.5322638811178645,neutral,1,breaker:panic,,,RUN_20251017_1615
1760718748,SOL/USDT,ema_trend,trend,hold,hold,0.0,183.07,0.9999874040402317,neutral,1,breaker:panic,,,RUN_20251017_1615
1760718740,BTC/USDT,ema_trend,trend,hold,hold,0.0,106650.0,1.774414795187178e-140,neutral,1,breaker:panic,,,RUN_20251017_1615
1760718734,ETH/USDT,ema_trend,trend,hold,hold,0.0,3808.41,0.49515665269143855,neutral,1,breaker:panic,,,RUN_20251017_1615
1760718699,SOL/USDT,rsi_mean_revert,chop,hold,hold,0.0,183.66,0.9999872405588689,boost,1,breaker:panic,,,RUN_20251017_1615
1760718692,BTC/USDT,rsi_mean_revert,chop,hold,hold,0.0,106795.49,5.046309265557624e-142,neutral,1,breaker:panic,,,RUN_20251017_1615
1760718686,ETH/USDT,ema_trend,trend,hold,hold,0.0,3817.69,0.43932959330487936,veto,1,"ml_veto,breaker:panic",,,RUN_20251017_1615
1760718652,SOL/USDT,rsi_mean_revert,chop,hold,hold,0.0,183.82,0.9999873525905585,boost,1,breaker:panic,,,RUN_20251017_1615
1760718646,BTC/USDT,ema_trend,trend,hold,hold,0.0,106890.69,4.484762881662599e-143,neutral,1,breaker:panic,,,RUN_20251017_1615
1760718639,ETH/USDT,ema_trend,trend,hold,hold,0.0,3818.56,0.43465730717103584,veto,1,"ml_veto,breaker:panic",,,RUN_20251017_1615
1760718605,SOL/USDT,ema_trend,trend,hold,hold,0.0,183.55,0.9999873581102322,neutral,1,breaker:panic,,,RUN_20251017_1615
1760718598,BTC/USDT,blocked,panic,hold,hold,0.0,106792.6,9.878018775750323e-142,neutral,1,"regime:panic,breaker:panic",,,RUN_20251017_1615
1760718592,ETH/USDT,blocked,panic,hold,hold,0.0,3813.12,0.47346009184456916,neutral,1,"regime:panic,breaker:panic",,,RUN_20251017_1615
1760718562,SOL/USDT,ema_trend,trend,hold,hold,0.0,183.45,0.9999870578397011,neutral,1,breaker:panic,,,RUN_20251017_1615
1760718556,BTC/USDT,blocked,panic,hold,hold,0.0,106716.04,8.026732817001784e-141,neutral,1,"regime:panic,breaker:panic",,,RUN_20251017_1615
1760718549,ETH/USDT,blocked,panic,hold,hold,0.0,3810.8,0.4880250776458926,neutral,1,"regime:panic,breaker:panic",,,RUN_20251017_1615
1760718521,SOL/USDT,blocked,panic,hold,hold,0.0,183.39,0.9999871539311889,boost,1,"regime:panic,breaker:panic",,,RUN_20251017_1615
1760718513,BTC/USDT,blocked,panic,hold,hold,0.0,106743.67,7.623533931538521e-141,neutral,1,"regime:panic,breaker:panic",,,RUN_20251017_1615
1760718505,ETH/USDT,blocked,panic,hold,hold,0.0,3811.92,0.4930039830397371,neutral,1,"regime:panic,breaker:panic",,,RUN_20251017_1615
1760718472,SOL/USDT,blocked,panic,hold,hold,0.0,183.6,0.9999870698019838,boost,1,"regime:panic,breaker:panic",,,RUN_20251017_1615
1760718465,BTC/USDT,blocked,panic,hold,hold,0.0,106801.49,2.523400203979516e-141,neutral,1,"regime:panic,breaker:panic",,,RUN_20251017_1615
1760718457,ETH/USDT,blocked,panic,hold,hold,0.0,3815.3,0.4775942792685069,neutral,1,"regime:panic,breaker:panic",,,RUN_20251017_1615
1760718423,SOL/USDT,blocked,panic,hold,hold,0.0,183.47,0.9999870954615475,boost,1,"regime:panic,breaker:panic",,,RUN_20251017_1615
1760718416,BTC/USDT,blocked,panic,hold,hold,0.0,106705.06,8.71889905489695e-140,neutral,1,"regime:panic,breaker:panic",,,RUN_20251017_1615
1760718410,ETH/USDT,blocked,panic,hold,hold,0.0,3806.66,0.5440167551306837,neutral,1,"regime:panic,breaker:panic",,,RUN_20251017_1615
1760718377,SOL/USDT,rsi_mean_revert,chop,buy,buy,2248.0583333333334,183.74,0.9999874309452185,boost,0,ok,182.6877532315401,185.8444935369198,RUN_20251017_1615
1760718368,BTC/USDT,rsi_mean_revert,chop,hold,hold,0.0,107006.01,2.3846799757759944e-143,neutral,0,ok,,,RUN_20251017_1615
1760718360,ETH/USDT,rsi_mean_revert,chop,hold,hold,0.0,3823.15,0.4481543770761596,neutral,0,ok,,,RUN_20251017_1615
1760718328,SOL/USDT,ema_trend,trend,buy,buy,2248.0583333333334,184.02,0.9999874398925679,neutral,0,ok,182.9451626632695,186.169674673461,RUN_20251017_1615
1760718321,BTC/USDT,rsi_mean_revert,chop,hold,hold,0.0,106988.01,3.1920682490070086e-143,neutral,0,ok,,,RUN_20251017_1615
1760718314,ETH/USDT,rsi_mean_revert,chop,hold,hold,0.0,3826.13,0.4328961726723656,neutral,0,ok,,,RUN_20251017_1615
1760718279,SOL/USDT,ema_trend,trend,buy,buy,2248.0583333333334,184.53,0.9999878521494195,neutral,0,ok,183.49555972033383,186.59888055933234,RUN_20251017_1615
1760718273,BTC/USDT,rsi_mean_revert,chop,hold,hold,0.0,107170.99,1.5952252667909906e-145,neutral,0,ok,,,RUN_20251017_1615
1760718267,ETH/USDT,ema_trend,trend,hold,hold,0.0,3836.8,0.37049406378104954,veto,1,ml_veto,,,RUN_20251017_1615
1760718238,SOL/USDT,ema_trend,trend,buy,buy,2248.0583333333334,184.67,0.999987460011617,neutral,0,ok,183.60214144992102,186.80571710015795,RUN_20251017_1615
1760718231,BTC/USDT,rsi_mean_revert,chop,hold,hold,0.0,107183.8,6.12436351958278e-146,neutral,0,ok,,,RUN_20251017_1615
1760718225,ETH/USDT,rsi_mean_revert,chop,hold,hold,0.0,3836.1,0.36250007462419837,neutral,0,ok,,,RUN_20251017_1615
1760718189,SOL/USDT,ema_trend,trend,buy,buy,2248.0583333333334,184.41,0.9999875170442062,neutral,0,ok,183.38357002134958,186.46285995730082,RUN_20251017_1615
1760718181,BTC/USDT,rsi_mean_revert,chop,hold,hold,0.0,107063.53,1.633547211393579e-144,neutral,0,ok,,,RUN_20251017_1615
1760718173,ETH/USDT,rsi_mean_revert,chop,hold,hold,0.0,3827.64,0.40642086373748837,neutral,0,ok,,,RUN_20251017_1615
1760718141,SOL/USDT,ema_trend,trend,buy,buy,2248.0583333333334,184.12,0.9999875306374151,neutral,0,ok,183.08922933978576,186.18154132042847,RUN_20251017_1615
1760718135,BTC/USDT,rsi_mean_revert,chop,hold,hold,0.0,107038.0,2.9638083087378946e-144,neutral,0,ok,,,RUN_20251017_1615
1760718129,ETH/USDT,rsi_mean_revert,chop,hold,hold,0.0,3830.76,0.38907546474483584,neutral,0,ok,,,RUN_20251017_1615
1760718097,SOL/USDT,rsi_mean_revert,chop,buy,buy,2248.0583333333334,183.89,0.9999874040109739,boost,0,ok,182.84125786006175,185.98748427987644,RUN_20251017_1615
1760718090,BTC/USDT,rsi_mean_revert,chop,hold,hold,0.0,107016.37,5.688490806344515e-144,neutral,0,ok,,,RUN_20251017_1615
1760718083,ETH/USDT,rsi_mean_revert,chop,hold,hold,0.0,3829.76,0.3938751847314313,neutral,0,ok,,,RUN_20251017_1615
1760718051,SOL/USDT,rsi_mean_revert,chop,buy,buy,2248.0583333333334,183.8,0.9999872807658762,boost,0,ok,182.71827771907763,185.96344456184474,RUN_20251017_1615
1760718045,BTC/USDT,rsi_mean_revert,chop,hold,hold,0.0,106992.53,1.1969162925520398e-143,neutral,0,ok,,,RUN_20251017_1615
1760718039,ETH/USDT,rsi_mean_revert,chop,hold,hold,0.0,3830.45,0.3836434714011918,neutral,0,ok,,,RUN_20251017_1615
1760718007,SOL/USDT,rsi_mean_revert,chop,buy,buy,2248.0583333333334,183.7,0.9999872459034377,boost,0,ok,182.65684914764904,185.78630170470186,RUN_20251017_1615
1760718001,BTC/USDT,rsi_mean_revert,chop,hold,hold,0.0,106965.76,2.481834529200861e-143,neutral,0,ok,,,RUN_20251017_1615
1760717995,ETH/USDT,rsi_mean_revert,chop,hold,hold,0.0,3827.46,0.4031346039948613,neutral,0,ok,,,RUN_20251017_1615
1760717966,SOL/USDT,rsi_mean_revert,chop,buy,buy,2248.0583333333334,183.26,0.9999872674911033,boost,0,ok,182.18298022750398,185.41403954499202,RUN_20251017_1615
1760717960,BTC/USDT,rsi_mean_revert,chop,hold,hold,0.0,106901.99,1.7707998778632812e-142,neutral,0,ok,,,RUN_20251017_1615
1760717954,ETH/USDT,rsi_mean_revert,chop,hold,hold,0.0,3823.3,0.4267720212407407,neutral,0,ok,,,RUN_20251017_1615
1760717925,SOL/USDT,rsi_mean_revert,chop,buy,buy,2248.0583333333334,183.36,0.9999869768372016,boost,0,ok,182.24617670562802,185.58764658874404,RUN_20251017_1615
1760717919,BTC/USDT,rsi_mean_revert,chop,hold,hold,0.0,106907.24,1.904910619260861e-142,neutral,0,ok,,,RUN_20251017_1615
1760717914,ETH/USDT,ema_trend,trend,hold,hold,0.0,3829.62,0.3819482895223904,veto,1,ml_veto,,,RUN_20251017_1615
1760717884,SOL/USDT,ema_trend,trend,buy,buy,2248.0583333333334,183.96,0.9999872529806207,neutral,0,ok,182.93903384848514,186.00193230302975,RUN_20251017_1615
1760717878,BTC/USDT,rsi_mean_revert,chop,hold,hold,0.0,107120.01,4.303284233535633e-145,neutral,0,ok,,,RUN_20251017_1615
1760717872,ETH/USDT,ema_trend,trend,hold,hold,0.0,3833.89,0.34449547737189756,veto,1,ml_veto,,,RUN_20251017_1615
1760717844,SOL/USDT,rsi_mean_revert,chop,buy,buy,2248.0583333333334,183.54,0.9999865780852434,boost,0,ok,182.48775075368002,185.6444984926399,RUN_20251017_1615
1760717839,BTC/USDT,rsi_mean_revert,chop,hold,hold,0.0,107040.01,3.834486857557557e-144,neutral,0,ok,,,RUN_20251017_1615
1760717834,ETH/USDT,ema_trend,trend,hold,hold,0.0,3830.17,0.36508017164357265,veto,1,ml_veto,,,RUN_20251017_1615
1760717803,SOL/USDT,rsi_mean_revert,chop,buy,buy,2248.0583333333334,183.78,0.999987007006796,boost,0,ok,182.68065473656426,185.9786905268715,RUN_20251017_1615
1760717798,BTC/USDT,rsi_mean_revert,chop,hold,hold,0.0,107110.35,4.731183388997699e-145,neutral,0,ok,,,RUN_20251017_1615
1760717793,ETH/USDT,rsi_mean_revert,chop,hold,hold,0.0,3833.34,0.35075838525631714,neutral,0,ok,,,RUN_20251017_1615
1760717763,SOL/USDT,rsi_mean_revert,chop,buy,buy,2248.0583333333334,183.57,0.9999869899712992,boost,0,ok,182.5135118794214,185.6829762411572,RUN_20251017_1615
1760717757,BTC/USDT,rsi_mean_revert,chop,hold,hold,0.0,107047.23,2.4171979368621585e-144,neutral,0,ok,,,RUN_20251017_1615
1760717752,ETH/USDT,rsi_mean_revert,chop,hold,hold,0.0,3829.04,0.372349039954733,neutral,0,ok,,,RUN_20251017_1615
1760699003,SOL/USDT,ema_trend,trend,buy,buy,2377.525,178.75,0.9999887907659777,neutral,0,ok,177.66248720633612,180.92502558732772,RUN_20251017_1059
1760698996,BTC/USDT,ema_trend,trend,hold,hold,0.0,104989.99,3.794654149813266e-144,veto,1,ml_veto,,,RUN_20251017_1059
1760698990,ETH/USDT,ema_trend,trend,hold,hold,0.0,3736.33,0.44307352161646835,veto,1,ml_veto,,,RUN_20251017_1059
1760698962,SOL/USDT,ema_trend,trend,buy,buy,2377.525,178.41,0.9999891647544839,neutral,0,ok,177.36971146543144,180.49057706913715,RUN_20251017_1059
1760698955,BTC/USDT,ema_trend,trend,hold,hold,0.0,104968.7,3.028124940946828e-144,veto,1,ml_veto,,,RUN_20251017_1059
1760698948,ETH/USDT,ema_trend,trend,hold,hold,0.0,3733.57,0.4526603506031972,veto,1,ml_veto,,,RUN_20251017_1059
1760698918,SOL/USDT,ema_trend,trend,buy,buy,2377.525,177.6,0.9999893630719476,neutral,0,ok,176.61199702577628,179.57600594844743,RUN_20251017_1059
1760698912,BTC/USDT,ema_trend,trend,hold,hold,0.0,104805.01,1.706473763267921e-142,veto,1,ml_veto,,,RUN_20251017_1059
1760698906,ETH/USDT,ema_trend,trend,hold,hold,0.0,3728.08,0.4804716255863108,veto,1,ml_veto,,,RUN_20251017_1059
1760698875,SOL/USDT,ema_trend,trend,buy,buy,2377.525,177.72,0.9999894435653591,neutral,0,ok,176.75342559720485,179.6531488055903,RUN_20251017_1059
1760698869,BTC/USDT,ema_trend,trend,hold,hold,0.0,104933.81,5.096817545679448e-144,veto,1,ml_veto,,,RUN_20251017_1059
1760698863,ETH/USDT,ema_trend,trend,hold,hold,0.0,3731.74,0.4601672941330036,veto,1,ml_veto,,,RUN_20251017_1059
1760698835,SOL/USDT,ema_trend,trend,buy,buy,2377.525,177.35,0.9999896444025689,neutral,0,ok,176.41280992867453,179.2243801426509,RUN_20251017_1059
1760698829,BTC/USDT,ema_trend,trend,hold,hold,0.0,104787.06,1.1941383245294642e-142,veto,1,ml_veto,,,RUN_20251017_1059
1760698823,ETH/USDT,ema_trend,trend,hold,hold,0.0,3727.08,0.48135606217335236,veto,1,ml_veto,,,RUN_20251017_1059
1760698111,ETH/USDT,ema_trend,trend,sell,sell,2249.6833333333334,3707.67,0.5079224710872655,neutral,0,ok,3723.0859666741935,3676.838066651613,
1760560627,ETH/USDT,blocked,panic,hold,hold,0.0,3951.36,0.41621561427940934,neutral,1,"regime:panic,breaker:panic",,,
1760560600,SOL/USDT,blocked,panic,hold,hold,0.0,193.11,0.9999864933204877,boost,1,"regime:panic,breaker:panic",,,
1760560595,BTC/USDT,blocked,panic,hold,hold,0.0,110816.24,3.935672255664891e-146,neutral,1,"regime:panic,breaker:panic",,,
1760560590,ETH/USDT,blocked,panic,hold,hold,0.0,3951.71,0.41756685040432934,neutral,1,"regime:panic,breaker:panic",,,
1760560562,SOL/USDT,blocked,panic,hold,hold,0.0,192.86,0.9999864944669974,boost,1,"regime:panic,breaker:panic",,,
1760560556,BTC/USDT,blocked,panic,hold,hold,0.0,110694.04,3.107048308039637e-144,neutral,1,"regime:panic,breaker:panic",,,
1760560550,ETH/USDT,blocked,panic,hold,hold,0.0,3946.03,0.46492382761828926,neutral,1,"regime:panic,breaker:panic",,,
1760560521,SOL/USDT,blocked,panic,hold,hold,0.0,192.71,0.9999867453195693,boost,1,"regime:panic,breaker:panic",,,
1760560516,BTC/USDT,blocked,panic,hold,hold,0.0,110594.19,4.792530145357269e-143,neutral,1,"regime:panic,breaker:panic",,,
1760560510,ETH/USDT,blocked,panic,hold,hold,0.0,3944.79,0.47291949790754817,neutral,1,"regime:panic,breaker:panic",,,
1760560482,SOL/USDT,blocked,panic,hold,hold,0.0,192.46,0.9999867904150658,boost,1,"regime:panic,breaker:panic",,,
1760560477,BTC/USDT,blocked,panic,hold,hold,0.0,110638.25,7.60887325589968e-143,neutral,1,"regime:panic,breaker:panic",,,
1760560472,ETH/USDT,blocked,panic,hold,hold,0.0,3944.36,0.4910777550350353,neutral,1,"regime:panic,breaker:panic",,,
1760560445,SOL/USDT,blocked,panic,hold,hold,0.0,192.82,0.9999867410272893,boost,1,"regime:panic,breaker:panic",,,
1760560440,BTC/USDT,blocked,panic,hold,hold,0.0,110810.61,6.752105771810306e-145,neutral,1,"regime:panic,breaker:panic",,,
1760560434,ETH/USDT,blocked,panic,hold,hold,0.0,3947.47,0.48858303346856485,neutral,1,"regime:panic,breaker:panic",,,
1760560408,SOL/USDT,blocked,panic,hold,hold,0.0,192.9,0.9999869858256747,boost,1,"regime:panic,breaker:panic",,,
1760560400,BTC/USDT,blocked,panic,hold,hold,0.0,110850.68,6.88233040796994e-145,neutral,1,"regime:panic,breaker:panic",,,
1760560395,ETH/USDT,blocked,panic,hold,hold,0.0,3948.67,0.48087714279384935,neutral,1,"regime:panic,breaker:panic",,,
1760560368,SOL/USDT,blocked,panic,hold,hold,0.0,193.33,0.9999870072494671,boost,1,"regime:panic,breaker:panic",,,
1760560362,BTC/USDT,blocked,panic,hold,hold,0.0,111011.97,1.7761769450373447e-146,neutral,1,"regime:panic,breaker:panic",,,
1760560357,ETH/USDT,blocked,panic,hold,hold,0.0,3953.21,0.4651212323963988,neutral,1,"regime:panic,breaker:panic",,,
1760560330,SOL/USDT,blocked,panic,hold,hold,0.0,193.39,0.9999870086584067,boost,1,"regime:panic,breaker:panic",,,
1760560325,BTC/USDT,blocked,panic,hold,hold,0.0,110917.77,2.3311099449494124e-145,neutral,1,"regime:panic,breaker:panic",,,
1760560319,ETH/USDT,blocked,panic,hold,hold,0.0,3950.58,0.5043884650481513,neutral,1,"regime:panic,breaker:panic",,,
1760560292,SOL/USDT,blocked,panic,hold,hold,0.0,193.41,0.9999871864127979,boost,1,"regime:panic,breaker:panic",,,
1760560287,BTC/USDT,blocked,panic,hold,hold,0.0,110857.14,3.6114894361588356e-144,neutral,1,"regime:panic,breaker:panic",,,
1760560281,ETH/USDT,blocked,panic,hold,hold,0.0,3945.77,0.5346922894009796,neutral,1,"regime:panic,breaker:panic",,,
1760560253,SOL/USDT,blocked,panic,hold,hold,0.0,193.12,0.9999877993654983,boost,1,"regime:panic,breaker:panic",,,
1760560247,BTC/USDT,blocked,panic,hold,hold,0.0,110882.49,8.731632173053736e-144,neutral,1,"regime:panic,breaker:panic",,,
1760560242,ETH/USDT,blocked,panic,hold,hold,0.0,3951.43,0.5339973032885655,neutral,1,"regime:panic,breaker:panic",,,
1760560212,SOL/USDT,blocked,panic,hold,hold,0.0,193.98,0.9999884230306778,boost,1,"regime:panic,breaker:panic",,,
1760560206,BTC/USDT,ema_trend,trend,hold,hold,0.0,110993.51,4.20689545217756e-145,neutral,1,breaker:panic,,,
1760560200,ETH/USDT,blocked,panic,hold,hold,0.0,3960.75,0.4894343046736227,neutral,1,"regime:panic,breaker:panic",,,
1760560170,SOL/USDT,blocked,panic,hold,hold,0.0,194.61,0.9999887308116423,boost,1,"regime:panic,breaker:panic",,,
1760560163,BTC/USDT,ema_trend,trend,hold,hold,0.0,111188.42,5.355991369241553e-147,neutral,1,breaker:panic,,,
1760560157,ETH/USDT,ema_trend,trend,hold,hold,0.0,3972.25,0.4264474697893358,neutral,1,breaker:panic,,,
1760560127,SOL/USDT,blocked,panic,hold,hold,0.0,195.18,0.9999890714669045,boost,1,"regime:panic,breaker:panic",,,
1760560121,BTC/USDT,ema_trend,trend,hold,hold,0.0,111307.15,3.435160571520934e-148,veto,1,"ml_veto,breaker:panic",,,
1760560114,ETH/USDT,ema_trend,trend,hold,hold,0.0,3977.05,0.4056349260709625,neutral,1,breaker:panic,,,
1760560083,SOL/USDT,ema_trend,trend,hold,hold,0.0,195.45,0.999989201965452,neutral,1,breaker:panic,,,
1760560077,BTC/USDT,rsi_mean_revert,chop,hold,hold,0.0,111302.01,5.9921315895548675e-148,neutral,1,breaker:panic,,,
1760560071,ETH/USDT,ema_trend,trend,hold,hold,0.0,3977.83,0.4085828350935455,neutral,1,breaker:panic,,,
1760560041,SOL/USDT,blocked,panic,hold,hold,0.0,195.29,0.9999892052879084,boost,1,"regime:panic,breaker:panic",,,
1760560034,BTC/USDT,rsi_mean_revert,chop,hold,hold,0.0,111388.75,5.673893624435183e-149,neutral,1,breaker:daily_loss,,,
1760560028,ETH/USDT,ema_trend,trend,hold,hold,0.0,3980.96,0.3911782607453559,neutral,1,breaker:daily_loss,,,
1760560000,SOL/USDT,rsi_mean_revert,chop,hold,hold,0.0,195.63,0.9999895302201465,boost,1,breaker:daily_loss,,,
1760559994,BTC/USDT,rsi_mean_revert,chop,hold,hold,0.0,111395.58,5.891881683606832e-149,neutral,1,breaker:daily_loss,,,
1760559988,ETH/USDT,rsi_mean_revert,chop,hold,hold,0.0,3985.41,0.3721839613119546,neutral,1,breaker:daily_loss,,,
1760559958,SOL/USDT,ema_trend,trend,hold,hold,0.0,196.04,0.9999897160837414,neutral,1,breaker:daily_loss,,,
1760559952,BTC/USDT,rsi_mean_revert,chop,hold,hold,0.0,111482.77,5.346421635713362e-150,neutral,1,breaker:daily_loss,,,
1760559946,ETH/USDT,rsi_mean_revert,chop,hold,hold,0.0,3985.98,0.36752922240979036,neutral,1,breaker:daily_loss,,,
1760559919,SOL/USDT,ema_trend,trend,hold,hold,0.0,196.09,0.9999897545560011,neutral,1,breaker:daily_loss,,,
1760559913,BTC/USDT,rsi_mean_revert,chop,hold,hold,0.0,111492.0,4.168127620623728e-150,neutral,1,breaker:daily_loss,,,
1760559908,ETH/USDT,rsi_mean_revert,chop,hold,hold,0.0,3987.49,0.3596916060789331,neutral,1,breaker:daily_loss,,,
1760559880,SOL/USDT,ema_trend,trend,hold,hold,0.0,196.07,0.9999897172265793,neutral,1,breaker:daily_loss,,,
1760559874,BTC/USDT,rsi_mean_revert,chop,hold,hold,0.0,111470.79,6.773705898360685e-150,neutral,1,breaker:daily_loss,,,
1760559869,ETH/USDT,rsi_mean_revert,chop,hold,hold,0.0,3987.14,0.3612535939648059,neutral,1,breaker:daily_loss,,,
1760559841,SOL/USDT,ema_trend,trend,hold,hold,0.0,196.06,0.9999897103450733,neutral,1,breaker:daily_loss,,,
1760559835,BTC/USDT,rsi_mean_revert,chop,hold,hold,0.0,111457.41,9.91190299794776e-150,neutral,1,breaker:daily_loss,,,
1760559830,ETH/USDT,rsi_mean_revert,chop,hold,hold,0.0,3985.51,0.36877501798472867,neutral,1,breaker:daily_loss,,,
1760559801,SOL/USDT,ema_trend,trend,hold,hold,0.0,196.33,0.999989817459113,neutral,1,breaker:daily_loss,,,
1760559796,BTC/USDT,rsi_mean_revert,chop,hold,hold,0.0,111520.15,1.837366298841051e-150,neutral,1,breaker:daily_loss,,,
1760559790,ETH/USDT,ema_trend,trend,hold,hold,0.0,3992.51,0.3374279876334253,veto,1,"ml_veto,breaker:daily_loss",,,
1760559763,SOL/USDT,ema_trend,trend,hold,hold,0.0,196.38,0.9999901531566091,neutral,1,breaker:daily_loss,,,
1760559757,BTC/USDT,rsi_mean_revert,chop,hold,hold,0.0,111541.8,8.144696437635847e-151,neutral,1,breaker:daily_loss,,,
1760559751,ETH/USDT,ema_trend,trend,hold,hold,0.0,3993.65,0.3325425110576121,veto,1,"ml_veto,breaker:daily_loss",,,
1760559723,SOL/USDT,ema_trend,trend,hold,hold,0.0,196.4,0.9999901508631088,neutral,1,breaker:daily_loss,,,
1760559718,BTC/USDT,rsi_mean_revert,chop,hold,hold,0.0,111541.8,6.237402587390604e-151,neutral,1,breaker:daily_loss,,,
1760559712,ETH/USDT,ema_trend,trend,hold,hold,0.0,3993.66,0.3255132031851551,veto,1,"ml_veto,breaker:daily_loss",,,
1760559684,SOL/USDT,ema_trend,trend,hold,hold,0.0,196.21,0.9999900396463567,neutral,1,breaker:daily_loss,,,
1760559678,BTC/USDT,rsi_mean_revert,chop,hold,hold,0.0,111542.93,6.051789387074566e-151,neutral,1,breaker:daily_loss,,,
1760559672,ETH/USDT,ema_trend,trend,hold,hold,0.0,3993.84,0.3247016276026633,veto,1,"ml_veto,breaker:daily_loss",,,
1760559645,SOL/USDT,ema_trend,trend,hold,hold,0.0,196.33,0.9999899841351457,neutral,1,breaker:daily_loss,,,
1760559639,BTC/USDT,rsi_mean_revert,chop,hold,hold,0.0,111536.0,5.1921699168393446e-151,neutral,1,breaker:daily_loss,,,
1760559634,ETH/USDT,ema_trend,trend,hold,hold,0.0,3994.52,0.3169945360469081,veto,1,"ml_veto,breaker:daily_loss",,,
1760559606,SOL/USDT,ema_trend,trend,hold,hold,0.0,196.01,0.9999900497854323,neutral,1,breaker:daily_loss,,,
1760559600,BTC/USDT,rsi_mean_revert,chop,hold,hold,0.0,111509.53,8.116454999760645e-151,neutral,1,breaker:daily_loss,,,
1760559594,ETH/USDT,ema_trend,trend,hold,hold,0.0,3992.01,0.3252451398517712,veto,1,"ml_veto,breaker:daily_loss",,,
1760559565,SOL/USDT,ema_trend,trend,hold,hold,0.0,195.87,0.9999897262374456,neutral,1,breaker:daily_loss,,,
1760559559,BTC/USDT,rsi_mean_revert,chop,hold,hold,0.0,111521.99,5.795752338438158e-151,neutral,1,breaker:daily_loss,,,
1760559553,ETH/USDT,ema_trend,trend,hold,hold,0.0,3991.92,0.32565554274413194,veto,1,"ml_veto,breaker:daily_loss",,,
1760559525,SOL/USDT,ema_trend,trend,hold,hold,0.0,195.95,0.9999893816381814,neutral,1,breaker:daily_loss,,,
1760559519,BTC/USDT,rsi_mean_revert,chop,hold,hold,0.0,111513.95,5.05595844649849e-151,neutral,1,breaker:daily_loss,,,
1760559513,ETH/USDT,rsi_mean_revert,chop,hold,hold,0.0,3991.05,0.3160154377878272,neutral,1,breaker:daily_loss,,,
1760559482,SOL/USDT,ema_trend,trend,hold,hold,0.0,195.67,0.9999893865489402,neutral,1,breaker:daily_loss,,,
1760559476,BTC/USDT,rsi_mean_revert,chop,hold,hold,0.0,111459.82,1.8599136192778416e-150,neutral,1,breaker:daily_loss,,,
1760559469,ETH/USDT,rsi_mean_revert,chop,hold,hold,0.0,3986.81,0.33540717857890223,neutral,1,breaker:daily_loss,,,
1760559438,SOL/USDT,rsi_mean_revert,chop,hold,hold,0.0,195.42,0.9999892023816923,boost,1,breaker:daily_loss,,,
1760559432,BTC/USDT,rsi_mean_revert,chop,hold,hold,0.0,111450.44,2.3977060479984185e-150,neutral,1,breaker:daily_loss,,,
1760559426,ETH/USDT,rsi_mean_revert,chop,hold,hold,0.0,3981.62,0.3623036960808348,veto,1,"ml_veto,breaker:daily_loss",,,
1760559396,SOL/USDT,rsi_mean_revert,chop,hold,hold,0.0,195.15,0.999989199136973,boost,1,breaker:daily_loss,,,
1760559391,BTC/USDT,rsi_mean_revert,chop,hold,hold,0.0,111429.8,3.6720079752444266e-150,neutral,1,breaker:daily_loss,,,
1760559385,ETH/USDT,rsi_mean_revert,chop,hold,hold,0.0,3981.51,0.3682902100968856,neutral,1,breaker:daily_loss,,,
1760559357,SOL/USDT,rsi_mean_revert,chop,hold,hold,0.0,195.37,0.9999893966655251,boost,1,breaker:daily_loss,,,
1760559351,BTC/USDT,rsi_mean_revert,chop,hold,hold,0.0,111430.44,3.0175691522719195e-150,neutral,1,breaker:daily_loss,,,
1760559344,ETH/USDT,rsi_mean_revert,chop,hold,hold,0.0,3983.55,0.35827645624550863,neutral,1,breaker:daily_loss,,,
1760559317,SOL/USDT,rsi_mean_revert,chop,hold,hold,0.0,195.28,0.9999893664585552,boost,1,breaker:daily_loss,,,
1760559311,BTC/USDT,rsi_mean_revert,chop,hold,hold,0.0,111414.18,4.6833597875780627e-150,neutral,1,breaker:daily_loss,,,
1760559306,ETH/USDT,rsi_mean_revert,chop,hold,hold,0.0,3984.83,0.35157035901975897,neutral,1,breaker:daily_loss,,,
1760559278,SOL/USDT,rsi_mean_revert,chop,hold,hold,0.0,195.3,0.9999894828924493,boost,1,breaker:daily_loss,,,
1760559273,BTC/USDT,rsi_mean_revert,chop,hold,hold,0.0,111421.57,3.5089828954966174e-150,neutral,1,breaker:daily_loss,,,
1760559267,ETH/USDT,rsi_mean_revert,chop,hold,hold,0.0,3983.78,0.36145609559828246,neutral,1,breaker:daily_loss,,,
1760559236,SOL/USDT,rsi_mean_revert,chop,hold,hold,0.0,195.22,0.9999895884130735,boost,1,breaker:daily_loss,,,
1760559230,BTC/USDT,rsi_mean_revert,chop,hold,hold,0.0,111445.07,1.6368769243210113e-150,neutral,1,breaker:daily_loss,,,
1760559224,ETH/USDT,rsi_mean_revert,chop,hold,hold,0.0,3983.71,0.3698375694235826,neutral,1,breaker:daily_loss,,,
1760559193,SOL/USDT,rsi_mean_revert,chop,hold,hold,0.0,195.04,0.9999895879587266,boost,1,breaker:daily_loss,,,
1760559186,BTC/USDT,rsi_mean_revert,chop,hold,hold,0.0,111403.3,5.118636774997928e-150,neutral,1,breaker:daily_loss,,,
1760559180,ETH/USDT,rsi_mean_revert,chop,hold,hold,0.0,3983.69,0.3704573604556686,neutral,1,breaker:daily_loss,,,
1760559151,SOL/USDT,rsi_mean_revert,chop,hold,hold,0.0,194.89,0.9999894860122525,boost,1,breaker:daily_loss,,,
1760559143,BTC/USDT,rsi_mean_revert,chop,hold,hold,0.0,111388.75,6.842695850529123e-150,neutral,1,breaker:daily_loss,,,
1760559137,ETH/USDT,rsi_mean_revert,chop,hold,hold,0.0,3984.42,0.3666210640518484,neutral,1,breaker:daily_loss,,,
1760559108,SOL/USDT,rsi_mean_revert,chop,hold,hold,0.0,195.25,0.9999896536985706,boost,1,breaker:daily_loss,,,
1760559102,BTC/USDT,rsi_mean_revert,chop,hold,hold,0.0,111405.5,4.199459106029621e-150,neutral,1,breaker:daily_loss,,,
1760559096,ETH/USDT,rsi_mean_revert,chop,hold,hold,0.0,3986.23,0.35768621357961927,neutral,1,breaker:daily_loss,,,
1760559067,SOL/USDT,rsi_mean_revert,chop,hold,hold,0.0,195.25,0.9999896536985706,boost,1,breaker:daily_loss,,,
1760559061,BTC/USDT,rsi_mean_revert,chop,hold,hold,0.0,111405.51,4.198315110886364e-150,neutral,1,breaker:daily_loss,,,
1760559055,ETH/USDT,rsi_mean_revert,chop,hold,hold,0.0,3985.87,0.3627500371261536,neutral,1,breaker:daily_loss,,,
1760559025,SOL/USDT,rsi_mean_revert,chop,hold,hold,0.0,195.29,0.9999897639408131,boost,1,breaker:daily_loss,,,
1760559019,BTC/USDT,rsi_mean_revert,chop,hold,hold,0.0,111393.32,5.256430119597483e-150,neutral,1,breaker:daily_loss,,,
1760559013,ETH/USDT,rsi_mean_revert,chop,hold,hold,0.0,3986.91,0.3572773164794763,neutral,1,breaker:daily_loss,,,
1760558984,SOL/USDT,rsi_mean_revert,chop,hold,hold,0.0,195.22,0.9999899106502891,boost,1,breaker:daily_loss,,,
1760558979,BTC/USDT,rsi_mean_revert,chop,hold,hold,0.0,111370.99,8.672646916262668e-150,neutral,1,breaker:daily_loss,,,
1760558973,ETH/USDT,rsi_mean_revert,chop,hold,hold,0.0,3984.49,0.37545357148454345,neutral,1,breaker:daily_loss,,,
1760558944,SOL/USDT,rsi_mean_revert,chop,hold,hold,0.0,195.03,0.9999899188124053,boost,1,breaker:daily_loss,,,
1760558938,BTC/USDT,rsi_mean_revert,chop,hold,hold,0.0,111387.09,5.082952832331283e-150,neutral,1,breaker:daily_loss,,,
1760558932,ETH/USDT,rsi_mean_revert,chop,hold,hold,0.0,3982.44,0.3894186542308935,neutral,1,breaker:daily_loss,,,
1760558903,SOL/USDT,rsi_mean_revert,chop,hold,hold,0.0,195.07,0.9999896986433902,boost,1,breaker:daily_loss,,,
1760558897,BTC/USDT,rsi_mean_revert,chop,hold,hold,0.0,111394.64,4.133928906407446e-150,neutral,1,breaker:daily_loss,,,
1760558890,ETH/USDT,rsi_mean_revert,chop,hold,hold,0.0,3983.7,0.3829497475084508,neutral,1,breaker:daily_loss,,,
1760558862,SOL/USDT,rsi_mean_revert,chop,hold,hold,0.0,194.93,0.999989512749319,boost,1,breaker:daily_loss,,,
1760558857,BTC/USDT,rsi_mean_revert,chop,hold,hold,0.0,111352.18,1.1948752195383518e-149,neutral,1,breaker:daily_loss,,,
1760558851,ETH/USDT,ema_trend,trend,hold,hold,0.0,3981.52,0.38904713472019414,neutral,1,breaker:daily_loss,,,
1760558822,SOL/USDT,rsi_mean_revert,chop,hold,hold,0.0,194.86,0.9999894980319779,boost,1,breaker:daily_loss,,,
1760558816,BTC/USDT,rsi_mean_revert,chop,hold,hold,0.0,111362.21,8.769706321836609e-150,neutral,1,breaker:daily_loss,,,
1760558811,ETH/USDT,rsi_mean_revert,chop,hold,hold,0.0,3982.98,0.3856057439184419,neutral,1,breaker:daily_loss,,,
1760558783,SOL/USDT,rsi_mean_revert,chop,hold,hold,0.0,194.83,0.9999894985353571,boost,1,breaker:daily_loss,,,
1760558776,BTC/USDT,rsi_mean_revert,chop,hold,hold,0.0,111401.62,2.9960930022743934e-150,neutral,1,breaker:daily_loss,,,
1760558771,ETH/USDT,rsi_mean_revert,chop,hold,hold,0.0,3982.28,0.389455502442362,neutral,1,breaker:daily_loss,,,
1760558744,SOL/USDT,ema_trend,trend,hold,hold,0.0,195.04,0.9999895850266891,neutral,1,breaker:daily_loss,,,
1760558739,BTC/USDT,rsi_mean_revert,chop,hold,hold,0.0,111383.72,4.3757040054433233e-150,neutral,1,breaker:daily_loss,,,
1760558733,ETH/USDT,rsi_mean_revert,chop,hold,hold,0.0,3984.83,0.3745865583768378,neutral,1,breaker:daily_loss,,,
1760558705,SOL/USDT,ema_trend,trend,hold,hold,0.0,195.42,0.9999899534439437,neutral,1,breaker:daily_loss,,,
1760558699,BTC/USDT,ema_trend,trend,hold,hold,0.0,111473.0,2.5446644687155773e-151,veto,1,"ml_veto,breaker:daily_loss",,,
1760558693,ETH/USDT,blocked,panic,hold,hold,0.0,3993.89,0.3175079936128224,neutral,1,"regime:panic,breaker:panic",,,
1760558664,SOL/USDT,ema_trend,trend,hold,hold,0.0,195.62,0.9999895622232035,neutral,1,breaker:daily_loss,,,
1760558658,BTC/USDT,ema_trend,trend,hold,hold,0.0,111447.04,5.177601234108931e-151,veto,1,"ml_veto,breaker:daily_loss",,,
1760558652,ETH/USDT,blocked,panic,hold,hold,0.0,3993.3,0.32050922914284397,neutral,1,"regime:panic,breaker:panic",,,
1760558623,SOL/USDT,ema_trend,trend,hold,hold,0.0,195.82,0.9999893919558858,neutral,1,breaker:daily_loss,,,
1760558617,BTC/USDT,ema_trend,trend,hold,hold,0.0,111474.2,1.647118262235852e-151,veto,1,"ml_veto,breaker:daily_loss",,,
1760558611,ETH/USDT,blocked,panic,hold,hold,0.0,3992.03,0.3199653997886048,neutral,1,"regime:panic,breaker:panic",,,
1760558582,SOL/USDT,ema_trend,trend,hold,hold,0.0,195.43,0.9999894150848031,neutral,1,breaker:daily_loss,,,
1760558575,BTC/USDT,ema_trend,trend,hold,hold,0.0,111454.01,1.779584381446163e-151,veto,1,"ml_veto,breaker:daily_loss",,,
1760558568,ETH/USDT,blocked,panic,hold,hold,0.0,3991.94,0.3177057175315446,neutral,1,"regime:panic,breaker:panic",,,
1760558539,SOL/USDT,ema_trend,trend,hold,hold,0.0,195.39,0.9999894947399054,neutral,1,breaker:daily_loss,,,
1760558534,BTC/USDT,ema_trend,trend,hold,hold,0.0,111434.38,3.0448726788414108e-151,veto,1,"ml_veto,breaker:daily_loss",,,
1760558527,ETH/USDT,blocked,panic,hold,hold,0.0,3990.61,0.3246685649688684,neutral,1,"regime:panic,breaker:panic",,,
1760558499,SOL/USDT,blocked,panic,hold,hold,0.0,195.61,0.9999890784679687,boost,1,"regime:panic,breaker:panic",,,
1760558493,BTC/USDT,ema_trend,trend,hold,hold,0.0,111492.74,3.968159616098888e-152,veto,1,"ml_veto,breaker:daily_loss",,,
1760558486,ETH/USDT,blocked,panic,hold,hold,0.0,3991.15,0.3144119970784614,neutral,1,"regime:panic,breaker:panic",,,
1760558457,SOL/USDT,rsi_mean_revert,chop,hold,hold,0.0,195.06,0.9999889946004438,boost,1,breaker:daily_loss,,,
1760558451,BTC/USDT,rsi_mean_revert,chop,hold,hold,0.0,111388.75,4.467811304427783e-151,neutral,1,breaker:daily_loss,,,
1760558445,ETH/USDT,blocked,panic,hold,hold,0.0,3986.26,0.3366610446839589,neutral,1,"regime:panic,breaker:panic",,,
1760558416,SOL/USDT,rsi_mean_revert,chop,hold,hold,0.0,194.76,0.9999889069445057,boost,1,breaker:daily_loss,,,
1760558409,BTC/USDT,rsi_mean_revert,chop,hold,hold,0.0,111355.1,1.1231546546014019e-150,neutral,1,breaker:daily_loss,,,
1760558404,ETH/USDT,blocked,panic,hold,hold,0.0,3984.93,0.34397499066267556,neutral,1,"regime:panic,breaker:panic",,,
1760558376,SOL/USDT,rsi_mean_revert,chop,hold,hold,0.0,194.57,0.9999890298021138,boost,1,breaker:daily_loss,,,
1760558370,BTC/USDT,rsi_mean_revert,chop,hold,hold,0.0,111261.38,1.3356244685865498e-149,neutral,1,breaker:daily_loss,,,
1760558363,ETH/USDT,blocked,panic,hold,hold,0.0,3979.72,0.37350452214930446,neutral,1,"regime:panic,breaker:panic",,,
1760558334,SOL/USDT,rsi_mean_revert,chop,hold,hold,0.0,194.85,0.9999890267186781,boost,1,breaker:daily_loss,,,
1760558328,BTC/USDT,rsi_mean_revert,chop,hold,hold,0.0,111279.35,6.562276463627908e-150,neutral,1,breaker:daily_loss,,,
1760558321,ETH/USDT,blocked,panic,hold,hold,0.0,3982.02,0.35922655558167704,neutral,1,"regime:panic,breaker:panic",,,
1760558293,SOL/USDT,ema_trend,trend,hold,hold,0.0,194.46,0.9999889263455445,neutral,1,breaker:daily_loss,,,
1760558287,BTC/USDT,rsi_mean_revert,chop,hold,hold,0.0,111206.93,4.7104925396037605e-149,neutral,1,breaker:daily_loss,,,
1760558281,ETH/USDT,blocked,panic,hold,hold,0.0,3983.23,0.3523193078749934,neutral,1,"regime:panic,breaker:panic",,,
1760558253,SOL/USDT,ema_trend,trend,hold,hold,0.0,194.3,0.9999888709017226,neutral,1,breaker:daily_loss,,,
1760558247,BTC/USDT,rsi_mean_revert,chop,hold,hold,0.0,111257.51,1.0224134285281297e-149,neutral,1,breaker:daily_loss,,,
1760558241,ETH/USDT,blocked,panic,hold,hold,0.0,3981.64,0.36308607971513374,neutral,1,"regime:panic,breaker:panic",,,
1760558214,SOL/USDT,ema_trend,trend,hold,hold,0.0,194.61,0.9999888556227828,neutral,1,breaker:daily_loss,,,
1760558208,BTC/USDT,rsi_mean_revert,chop,hold,hold,0.0,111199.07,5.186911898104386e-149,neutral,1,breaker:daily_loss,,,
1760558202,ETH/USDT,ema_trend,trend,hold,hold,0.0,3978.91,0.38025009621304257,neutral,1,breaker:daily_loss,,,
1760558172,SOL/USDT,ema_trend,trend,hold,hold,0.0,194.24,0.9999887615086723,neutral,1,breaker:daily_loss,,,
1760558166,BTC/USDT,rsi_mean_revert,chop,hold,hold,0.0,111110.41,5.736400912647587e-148,veto,1,"ml_veto,breaker:daily_loss",,,
1760558160,ETH/USDT,ema_trend,trend,hold,hold,0.0,3974.58,0.4197035840346966,neutral,1,breaker:daily_loss,,,
1760558132,SOL/USDT,ema_trend,trend,hold,hold,0.0,194.32,0.9999890499348498,neutral,1,breaker:daily_loss,,,
1760558126,BTC/USDT,rsi_mean_revert,chop,hold,hold,0.0,111106.65,8.941603651545744e-148,neutral,1,breaker:daily_loss,,,
1760558120,ETH/USDT,ema_trend,trend,hold,hold,0.0,3973.59,0.42524041589871464,neutral,1,breaker:daily_loss,,,
1760558092,SOL/USDT,ema_trend,trend,hold,hold,0.0,194.55,0.9999892338306492,neutral,1,breaker:daily_loss,,,
1760558087,BTC/USDT,rsi_mean_revert,chop,hold,hold,0.0,111106.66,1.319228995792449e-147,neutral,1,breaker:daily_loss,,,
1760558081,ETH/USDT,ema_trend,trend,hold,hold,0.0,3973.07,0.44047009899948353,neutral,1,breaker:daily_loss,,,
1760558052,SOL/USDT,ema_trend,trend,hold,hold,0.0,194.68,0.9999892917835962,neutral,1,breaker:daily_loss,,,
1760558046,BTC/USDT,rsi_mean_revert,chop,hold,hold,0.0,111144.44,4.722692539517739e-148,neutral,1,breaker:daily_loss,,,
1760558040,ETH/USDT,ema_trend,trend,hold,hold,0.0,3980.32,0.40774524259847544,neutral,1,breaker:daily_loss,,,
1760558012,SOL/USDT,ema_trend,trend,hold,hold,0.0,195.03,0.9999893553942757,neutral,1,breaker:daily_loss,,,
1760558006,BTC/USDT,rsi_mean_revert,chop,hold,hold,0.0,111219.38,7.602995925261807e-149,neutral,1,breaker:daily_loss,,,
1760558000,ETH/USDT,ema_trend,trend,hold,hold,0.0,3982.89,0.3923123352018929,neutral,1,breaker:daily_loss,,,
1760557971,SOL/USDT,ema_trend,trend,hold,hold,0.0,194.69,0.9999890899568402,neutral,1,breaker:daily_loss,,,
1760557966,BTC/USDT,rsi_mean_revert,chop,hold,hold,0.0,111140.83,8.124089921451496e-148,neutral,1,breaker:daily_loss,,,
1760557959,ETH/USDT,ema_trend,trend,hold,hold,0.0,3983.53,0.3923880916580158,neutral,1,breaker:daily_loss,,,
1760557931,SOL/USDT,ema_trend,trend,hold,hold,0.0,194.81,0.9999891317494423,neutral,1,breaker:daily_loss,,,
1760557925,BTC/USDT,rsi_mean_revert,chop,hold,hold,0.0,111140.63,8.168559404833144e-148,neutral,1,breaker:daily_loss,,,
1760557920,ETH/USDT,ema_trend,trend,hold,hold,0.0,3981.65,0.41020576091540534,neutral,1,breaker:daily_loss,,,
1760557892,SOL/USDT,ema_trend,trend,hold,hold,0.0,194.85,0.9999887607858284,neutral,1,breaker:daily_loss,,,
1760557887,BTC/USDT,rsi_mean_revert,chop,hold,hold,0.0,111192.01,3.0248589836916463e-148,neutral,1,breaker:daily_loss,,,
1760557881,ETH/USDT,ema_trend,trend,hold,hold,0.0,3984.81,0.3925729825263358,neutral,1,breaker:daily_loss,,,
1760557855,SOL/USDT,ema_trend,trend,hold,hold,0.0,194.92,0.9999886690518801,neutral,1,breaker:daily_loss,,,
1760557850,BTC/USDT,rsi_mean_revert,chop,hold,hold,0.0,111158.06,1.0334975074243588e-147,neutral,1,breaker:daily_loss,,,
1760557845,ETH/USDT,ema_trend,trend,hold,hold,0.0,3985.45,0.39627652029307575,neutral,1,breaker:daily_loss,,,
1760557820,SOL/USDT,ema_trend,trend,hold,hold,0.0,195.14,0.9999887319884604,neutral,1,breaker:daily_loss,,,
1760557815,BTC/USDT,rsi_mean_revert,chop,hold,hold,0.0,111245.44,9.64217492544823e-149,neutral,1,breaker:daily_loss,,,
1760557809,ETH/USDT,ema_trend,trend,hold,hold,0.0,3987.75,0.38407644330626867,neutral,1,breaker:daily_loss,,,
1760557783,SOL/USDT,ema_trend,trend,hold,hold,0.0,195.13,0.9999885896362117,neutral,1,breaker:daily_loss,,,
1760557777,BTC/USDT,rsi_mean_revert,chop,hold,hold,0.0,111252.06,8.830214385517025e-149,neutral,1,breaker:daily_loss,,,
1760557772,ETH/USDT,rsi_mean_revert,chop,hold,hold,0.0,3987.39,0.3836049979715503,neutral,1,breaker:daily_loss,,,
1760557745,SOL/USDT,ema_trend,trend,hold,hold,0.0,194.94,0.9999885056946114,neutral,1,breaker:daily_loss,,,
1760557740,BTC/USDT,rsi_mean_revert,chop,hold,hold,0.0,111242.22,1.3953151542195609e-148,veto,1,"ml_veto,breaker:daily_loss",,,
1760557734,ETH/USDT,rsi_mean_revert,chop,hold,hold,0.0,3986.37,0.38585778971274165,neutral,1,breaker:daily_loss,,,
1760557706,SOL/USDT,ema_trend,trend,hold,hold,0.0,195.07,0.9999883708744876,neutral,1,breaker:daily_loss,,,
1760557700,BTC/USDT,rsi_mean_revert,chop,hold,hold,0.0,111262.61,7.995394770173357e-149,neutral,1,breaker:daily_loss,,,
1760557694,ETH/USDT,rsi_mean_revert,chop,hold,hold,0.0,3991.35,0.3578828269854135,neutral,1,breaker:daily_loss,,,
1760557665,SOL/USDT,ema_trend,trend,hold,hold,0.0,195.38,0.9999883929916202,neutral,1,breaker:daily_loss,,,
1760557659,BTC/USDT,rsi_mean_revert,chop,hold,hold,0.0,111317.58,2.043679284703043e-149,neutral,1,breaker:daily_loss,,,
1760557653,ETH/USDT,rsi_mean_revert,chop,hold,hold,0.0,3993.9,0.3436723199870583,neutral,1,breaker:daily_loss,,,
1760557625,SOL/USDT,ema_trend,trend,hold,hold,0.0,195.23,0.9999883595246457,neutral,1,breaker:daily_loss,,,
1760557619,BTC/USDT,rsi_mean_revert,chop,hold,hold,0.0,111287.49,5.144439677735001e-149,veto,1,"ml_veto,breaker:daily_loss",,,
1760557613,ETH/USDT,rsi_mean_revert,chop,hold,hold,0.0,3993.03,0.3473355628464436,neutral,1,breaker:daily_loss,,,
1760557586,SOL/USDT,ema_trend,trend,hold,hold,0.0,195.28,0.9999882527645252,neutral,1,breaker:daily_loss,,,
1760557580,BTC/USDT,rsi_mean_revert,chop,hold,hold,0.0,111287.49,5.144439677735001e-149,veto,1,"ml_veto,breaker:daily_loss",,,
1760557575,ETH/USDT,rsi_mean_revert,chop,hold,hold,0.0,3994.72,0.3383628356476189,neutral,1,breaker:daily_loss,,,
1760557548,SOL/USDT,ema_trend,trend,hold,hold,0.0,195.26,0.9999883749541139,neutral,1,breaker:daily_loss,,,
1760557543,BTC/USDT,rsi_mean_revert,chop,hold,hold,0.0,111279.34,7.430875661590074e-149,veto,1,"ml_veto,breaker:daily_loss",,,
1760557538,ETH/USDT,rsi_mean_revert,chop,hold,hold,0.0,3992.44,0.3478419432366702,neutral,1,breaker:daily_loss,,,
1760557509,SOL/USDT,ema_trend,trend,hold,hold,0.0,195.32,0.9999883875316613,neutral,1,breaker:daily_loss,,,
1760557504,BTC/USDT,rsi_mean_revert,chop,hold,hold,0.0,111283.25,6.678290514970634e-149,veto,1,"ml_veto,breaker:daily_loss",,,
1760557498,ETH/USDT,rsi_mean_revert,chop,hold,hold,0.0,3994.93,0.33657585733466133,neutral,1,breaker:daily_loss,,,
1760557472,SOL/USDT,ema_trend,trend,hold,hold,0.0,195.42,0.9999885199967039,neutral,1,breaker:daily_loss,,,
1760557466,BTC/USDT,rsi_mean_revert,chop,hold,hold,0.0,111305.87,4.034708273130648e-149,neutral,1,breaker:daily_loss,,,
1760557460,ETH/USDT,rsi_mean_revert,chop,hold,hold,0.0,3994.43,0.33922654090646426,neutral,1,breaker:daily_loss,,,
1760557433,SOL/USDT,ema_trend,trend,hold,hold,0.0,195.42,0.9999884663963241,neutral,1,breaker:daily_loss,,,
1760557428,BTC/USDT,rsi_mean_revert,chop,hold,hold,0.0,111309.34,4.00503626484199e-149,neutral,1,breaker:daily_loss,,,
1760557423,ETH/USDT,rsi_mean_revert,chop,hold,hold,0.0,3992.95,0.3475872570384412,neutral,1,breaker:daily_loss,,,
1760557395,SOL/USDT,ema_trend,trend,hold,hold,0.0,195.56,0.9999885010069168,neutral,1,breaker:daily_loss,,,
1760557389,BTC/USDT,rsi_mean_revert,chop,hold,hold,0.0,111328.91,2.347967273761658e-149,neutral,1,breaker:daily_loss,,,
1760557384,ETH/USDT,rsi_mean_revert,chop,hold,hold,0.0,3993.43,0.34497077852157004,neutral,1,breaker:daily_loss,,,
1760557357,SOL/USDT,ema_trend,trend,hold,hold,0.0,195.76,0.999988472726152,neutral,1,breaker:daily_loss,,,
1760557351,BTC/USDT,rsi_mean_revert,chop,hold,hold,0.0,111306.51,4.273010997140758e-149,neutral,1,breaker:daily_loss,,,
1760557346,ETH/USDT,rsi_mean_revert,chop,hold,hold,0.0,3995.07,0.33379447879571844,neutral,1,breaker:daily_loss,,,
1760557320,SOL/USDT,ema_trend,trend,hold,hold,0.0,195.36,0.9999882998670575,neutral,1,breaker:daily_loss,,,
1760557315,BTC/USDT,ema_trend,trend,hold,hold,0.0,111213.7,7.232706551534047e-148,neutral,1,breaker:daily_loss,,,
1760557310,ETH/USDT,ema_trend,trend,hold,hold,0.0,3987.83,0.3750537221561182,neutral,1,breaker:daily_loss,,,
1760557283,SOL/USDT,ema_trend,trend,hold,hold,0.0,195.1,0.9999882113518305,neutral,1,breaker:daily_loss,,,
1760557278,BTC/USDT,ema_trend,trend,hold,hold,0.0,111192.43,1.29358770647753e-147,neutral,1,breaker:daily_loss,,,
1760557273,ETH/USDT,ema_trend,trend,hold,hold,0.0,3988.19,0.3731648094341225,neutral,1,breaker:daily_loss,,,
1760557247,SOL/USDT,ema_trend,trend,hold,hold,0.0,195.18,0.9999883473961979,neutral,1,breaker:daily_loss,,,
1760557241,BTC/USDT,ema_trend,trend,hold,hold,0.0,111213.71,1.0253687582799067e-147,neutral,1,breaker:daily_loss,,,
1760557236,ETH/USDT,ema_trend,trend,hold,hold,0.0,3983.71,0.4055481387862554,neutral,1,breaker:daily_loss,,,
1760557209,SOL/USDT,ema_trend,trend,hold,hold,0.0,195.09,0.9999883465200077,neutral,1,breaker:daily_loss,,,
1760557204,BTC/USDT,ema_trend,trend,hold,hold,0.0,111177.08,2.792731545434721e-147,neutral,1,breaker:daily_loss,,,
1760557198,ETH/USDT,ema_trend,trend,hold,hold,0.0,3983.97,0.41154055942363527,neutral,1,breaker:daily_loss,,,
1760557172,SOL/USDT,ema_trend,trend,hold,hold,0.0,195.23,0.9999883716981934,neutral,1,breaker:daily_loss,,,
1760557166,BTC/USDT,ema_trend,trend,hold,hold,0.0,111189.76,3.2269559810050334e-147,neutral,1,breaker:daily_loss,,,
1760557161,ETH/USDT,ema_trend,trend,hold,hold,0.0,3987.41,0.39210113180236367,neutral,1,breaker:daily_loss,,,
1760557134,SOL/USDT,ema_trend,trend,sell,sell,2188.758333333333,195.55,0.999988523311894,neutral,0,ok,196.14446893569044,194.36106212861912,
1760557129,BTC/USDT,ema_trend,trend,sell,sell,2188.758333333333,111284.23,3.342456390725026e-148,neutral,0,ok,111410.41604466893,111031.8579106621,
1760557124,ETH/USDT,ema_trend,trend,sell,sell,2188.758333333333,3988.89,0.389799685910422,neutral,0,ok,3997.507293702698,3971.655412594604,
1760557097,SOL/USDT,ema_trend,trend,sell,sell,2188.758333333333,195.62,0.9999885295177664,neutral,0,ok,196.21446893569043,194.43106212861912,
1760557091,BTC/USDT,ema_trend,trend,sell,sell,2188.758333333333,111274.36,4.3701643279340804e-148,neutral,0,ok,111399.54461609751,111023.99076780496,
1760557086,ETH/USDT,ema_trend,trend,sell,sell,2188.758333333333,3987.65,0.396789907364115,neutral,0,ok,3996.134436559841,3970.6811268803185,
1760557060,SOL/USDT,ema_trend,trend,sell,sell,2188.758333333333,195.62,0.9999886306673728,neutral,0,ok,196.23096658550566,194.3980668289887,
1760557054,BTC/USDT,ema_trend,trend,hold,hold,0.0,111218.5,3.034337492720283e-147,veto,1,ml_veto,,,
1760557049,ETH/USDT,ema_trend,trend,sell,sell,2188.758333333333,3987.55,0.40588856040715804,neutral,0,ok,3996.284340565005,3970.08131886999,
1760557023,SOL/USDT,ema_trend,trend,sell,sell,2188.758333333333,195.97,0.999988786376677,neutral,0,ok,196.5281094426485,194.85378111470297,
1760557017,BTC/USDT,rsi_mean_revert,chop,hold,hold,0.0,111282.0,8.501147966376315e-148,veto,1,ml_veto,,,
1760557012,ETH/USDT,ema_trend,trend,sell,sell,2188.758333333333,3988.91,0.4025551857122405,neutral,0,ok,3997.448082008838,3971.8338359823238,
1760556984,SOL/USDT,ema_trend,trend,sell,sell,2188.758333333333,196.09,0.9999885856642258,neutral,0,ok,196.6442277199217,194.98154456015664,
1760556979,BTC/USDT,rsi_mean_revert,chop,hold,hold,0.0,111406.48,2.881440800943312e-149,neutral,0,ok,,,
1760556974,ETH/USDT,ema_trend,trend,hold,hold,0.0,3993.62,0.37674925097715384,veto,1,ml_veto,,,
1760556947,SOL/USDT,rsi_mean_revert,chop,buy,buy,2082.0083333333337,196.19,0.9999891200802338,boost,0,ok,195.61852382066954,197.33295235866092,
1760556941,BTC/USDT,rsi_mean_revert,chop,hold,hold,0.0,111421.56,2.3697041276405634e-149,neutral,0,ok,,,
1760556936,ETH/USDT,rsi_mean_revert,chop,hold,hold,0.0,3995.59,0.3792335959429959,neutral,0,ok,,,
1760556908,SOL/USDT,rsi_mean_revert,chop,buy,buy,2082.0083333333337,196.55,0.9999894277240586,boost,0,ok,196.0313809635267,197.58723807294663,
1760556902,BTC/USDT,rsi_mean_revert,chop,hold,hold,0.0,111482.63,4.53913055614501e-150,neutral,0,ok,,,
1760556897,ETH/USDT,rsi_mean_revert,chop,hold,hold,0.0,4002.94,0.34316173201907163,neutral,0,ok,,,
1760556869,SOL/USDT,rsi_mean_revert,chop,buy,buy,2082.0083333333337,196.71,0.9999895044092642,boost,0,ok,196.17456429570365,197.78087140859273,
1760556864,BTC/USDT,rsi_mean_revert,chop,hold,hold,0.0,111482.63,4.2889753632684835e-150,neutral,0,ok,,,
1760556858,ETH/USDT,rsi_mean_revert,chop,hold,hold,0.0,4004.17,0.337403793733757,neutral,0,ok,,,
1760556831,SOL/USDT,rsi_mean_revert,chop,buy,buy,2082.0083333333337,196.75,0.9999895177541628,boost,0,ok,196.20030000288227,197.84939999423545,
1760556826,BTC/USDT,rsi_mean_revert,chop,hold,hold,0.0,111500.98,2.4394279412573375e-150,neutral,0,ok,,,
1760556821,ETH/USDT,rsi_mean_revert,chop,hold,hold,0.0,4004.98,0.33308483217357804,neutral,0,ok,,,
1760556793,SOL/USDT,rsi_mean_revert,chop,buy,buy,2082.0083333333337,196.82,0.999989549086517,boost,0,ok,196.27315714573942,197.91368570852117,
1760556787,BTC/USDT,rsi_mean_revert,chop,hold,hold,0.0,111525.51,1.2592562554134218e-150,neutral,0,ok,,,
1760556781,ETH/USDT,rsi_mean_revert,chop,hold,hold,0.0,4005.32,0.33153515713840936,neutral,0,ok,,,
1760556755,SOL/USDT,rsi_mean_revert,chop,buy,buy,2082.0083333333337,196.75,0.9999895282940382,boost,0,ok,196.19350992471587,197.86298015056826,
1760556750,BTC/USDT,rsi_mean_revert,chop,hold,hold,0.0,111498.15,2.1578107321943247e-150,neutral,0,ok,,,
1760556744,ETH/USDT,rsi_mean_revert,chop,hold,hold,0.0,4003.72,0.3376109386259827,neutral,0,ok,,,
1760556717,SOL/USDT,rsi_mean_revert,chop,buy,buy,2082.0083333333337,196.67,0.9999896324576075,boost,0,ok,196.1060875639795,197.79782487204102,
1760556711,BTC/USDT,rsi_mean_revert,chop,sell,sell,2082.0083333333337,111539.4,5.67713335066535e-151,neutral,0,ok,111655.57537792971,111307.04924414058,
1760556706,ETH/USDT,rsi_mean_revert,chop,hold,hold,0.0,4006.2,0.32753564108244415,neutral,0,ok,,,
1760556678,SOL/USDT,rsi_mean_revert,chop,buy,buy,2082.0083333333337,196.59,0.9999896370358734,boost,0,ok,196.04180184969377,197.68639630061244,
1760556672,BTC/USDT,rsi_mean_revert,chop,sell,sell,2082.0083333333337,111498.16,1.7551519583398693e-150,neutral,0,ok,111608.44394935829,111277.59210128344,
1760556666,ETH/USDT,rsi_mean_revert,chop,hold,hold,0.0,4004.19,0.3387799562477669,neutral,0,ok,,,
1760556639,SOL/USDT,rsi_mean_revert,chop,buy,buy,2082.0083333333337,196.64,0.999989589115421,boost,0,ok,196.091830445274,197.73633910945196,
1760556634,BTC/USDT,rsi_mean_revert,chop,hold,hold,0.0,111498.16,1.6366590466229993e-150,neutral,0,ok,,,
1760556629,ETH/USDT,rsi_mean_revert,chop,hold,hold,0.0,4002.93,0.342822728660645,neutral,0,ok,,,
1760556605,SOL/USDT,rsi_mean_revert,chop,buy,buy,2082.0083333333337,196.58,0.9999895516197634,boost,0,ok,196.03754473098832,197.6649105380234,
1760556599,BTC/USDT,rsi_mean_revert,chop,sell,sell,2082.0083333333337,111496.02,1.479889126750246e-150,neutral,0,ok,111611.33394906265,111265.3921018747,
1760556593,ETH/USDT,rsi_mean_revert,chop,sell,sell,2082.0083333333337,4003.3,0.34596137424762163,neutral,0,ok,4011.3847005720213,3987.1305988559575,
1760556567,SOL/USDT,rsi_mean_revert,chop,buy,buy,2082.0083333333337,196.76,0.9999897948819455,boost,0,ok,196.20285057439867,197.8742988512026,
1760556562,BTC/USDT,rsi_mean_revert,chop,sell,sell,2082.0083333333337,111513.99,9.078414849354821e-151,neutral,0,ok,111629.30394906265,111283.3621018747,
1760556557,ETH/USDT,rsi_mean_revert,chop,sell,sell,2082.0083333333337,4004.14,0.34214063420583546,neutral,0,ok,4012.104700572021,3988.210598855957,
1760556533,SOL/USDT,ema_trend,trend,buy,buy,2082.0083333333337,196.78,0.9999897126508852,neutral,0,ok,196.19383907224616,197.95232185550768,
1760556528,BTC/USDT,rsi_mean_revert,chop,sell,sell,2082.0083333333337,111509.52,8.131461863681865e-151,neutral,0,ok,111629.77010657714,111269.01978684573,
1760556523,ETH/USDT,rsi_mean_revert,chop,sell,sell,2082.0083333333337,4004.76,0.33492208943660773,neutral,0,ok,4013.31275585614,3987.6544882877206,
1760556499,SOL/USDT,ema_trend,trend,buy,buy,2082.0083333333337,197.02,0.9999898300954796,neutral,0,ok,196.46098192938905,198.13803614122196,
1760556494,BTC/USDT,rsi_mean_revert,chop,sell,sell,2082.0083333333337,111539.54,3.6078351761819075e-151,neutral,0,ok,111653.58010657712,111311.45978684572,
1760556489,ETH/USDT,ema_trend,trend,hold,hold,0.0,4007.79,0.3190641324852117,veto,1,ml_veto,,,
1760556464,SOL/USDT,ema_trend,trend,buy,buy,2082.0083333333337,196.98,0.9999898202924427,neutral,0,ok,196.39490350600812,198.15019298798373,
1760556458,BTC/USDT,rsi_mean_revert,chop,sell,sell,2082.0083333333337,111525.51,3.7286123549553555e-151,neutral,0,ok,111646.2611993982,111284.0076012036,
1760556453,ETH/USDT,rsi_mean_revert,chop,sell,sell,2082.0083333333337,4004.29,0.3356621632162963,neutral,0,ok,4012.6967032267544,3987.4765935464916,
1760556427,SOL/USDT,ema_trend,trend,buy,buy,2082.0083333333337,196.91,0.9999898276022559,neutral,0,ok,196.33918922029383,198.0516215594123,
1760556421,BTC/USDT,rsi_mean_revert,chop,sell,sell,2082.0083333333337,111512.78,5.2842674783894145e-151,neutral,0,ok,111631.71405654105,111274.9118869179,
1760556416,ETH/USDT,rsi_mean_revert,chop,sell,sell,2082.0083333333337,4003.74,0.33502588082222023,neutral,0,ok,4012.6810725109012,3985.857854978197,
